순번,년도,모델명,제조사,유종,배기량,복합연비,등급,평균주행거리(km),전비(km/kWh),에너지단가(원/kWh),1년 유지비(원)
1,2019,코나 전기자동차 (도심형),현대,전기,0.0,5.8,고속,15000,5.6,173.8,465535.7142857144
2,2019,Model S Long Range Plus,테슬라코리아 유한회사,전기,0.0,4.4,고속,15000,4.6,173.8,566739.1304347827
3,2019,EV SAVER(파워테크닉스 세이버 KNCSZ76ADK803665),파워테크닉스,전기,0.0,1.6,고속,15000,1.6,173.8,1629375.0
4,2019,Change,AD모터스,전기,0.0,4.3,저속,15000,4.3,173.8,606279.069767442
5,2019,e-tron 50 uattro,아우디,전기,0.0,2.9,고속,15000,2.9,173.8,898965.5172413794
6,2019,Model 3 Long Range,테슬라코리아 유한회사,전기,0.0,5.0,고속,15000,5.1,173.8,511176.47058823536
7,2019,코나 전기자동차 (기본형),현대,전기,0.0,5.6,고속,15000,5.6,173.8,465535.7142857144
8,2022,BMW i3 94Ah,BMW,전기,0.0,5.4,고속,15000,5.4,347.2,964444.4444444443
9,2019,LEAF PLUS,닛산,전기,0.0,4.8,고속,15000,4.8,173.8,543125.0
10,2019,아이오닉 전기차(PE),현대,전기,0.0,6.3,고속,15000,6.3,173.8,413809.5238095239
11,2019,Model S Performance,테슬라코리아 유한회사,전기,0.0,4.2,고속,15000,4.6,173.8,566739.1304347827
12,2019,Peugeot e-2008 SUV,PSA Automobiles,전기,0.0,4.3,고속,15000,4.3,173.8,606279.069767442
13,2019,D2P,쎄미시스코,전기,0.0,5.2,고속,15000,5.2,173.8,501346.1538461538
14,2019,Model S 100D,테슬라코리아 유한회사,전기,0.0,4.0,고속,15000,4.6,173.8,566739.1304347827
15,2019,"타이칸 4S (High, 5인승)",포르쉐,전기,0.0,2.9,고속,15000,2.9,173.8,898965.5172413794
16,2019,e-tron 55 uattro,아우디,전기,0.0,3.0,고속,15000,3.0,173.8,869000.0
17,2019,Model X P100D,테슬라코리아 유한회사,전기,0.0,3.1,고속,15000,3.1,173.8,840967.741935484
18,2019,Model 3 Performance,테슬라코리아 유한회사,전기,0.0,4.7,고속,15000,5.1,173.8,511176.47058823536
19,2019,Model X 75D,테슬라코리아 유한회사,전기,0.0,3.4,고속,15000,3.4,173.8,766764.705882353
20,2019,파워프라자 봉고3ev PEACE,(주)파워프라자,전기,0.0,2.4,고속,15000,2.4,173.8,1086250.0
21,2019,파워프라자 라보 ev PEACE,한국지엠,전기,0.0,3.5,고속,15000,3.5,173.8,744857.1428571428
22,2019,Model X Performance,테슬라코리아 유한회사,전기,0.0,3.7,고속,15000,3.7,173.8,704594.5945945946
23,2019,DANIGO 3,(주)대창모터스,전기,0.0,6.1,고속,15000,6.1,173.8,427377.0491803279
24,2019,CEVO-C,Supa Motor Limited,전기,0.0,6.4,고속,15000,6.4,173.8,407343.75
25,2024,BMW iX xDrive50,BMW,전기,0.0,3.7,4등급,15000,3.7,347.2,1407567.5675675673
26,2019,재규어 I-PACE EV400,재규어,전기,0.0,3.5,고속,15000,3.5,173.8,744857.1428571428
27,2019,D2C,쎄미시스코,전기,0.0,5.2,고속,15000,5.2,173.8,501346.1538461538
28,2019,Model X 75D,테슬라코리아 유한회사,전기,0.0,4.1,고속,15000,4.1,173.8,635853.6585365855
29,2019,아이오닉 전기차 (18MY),현대,전기,0.0,6.3,고속,15000,6.3,173.8,413809.5238095239
30,2019,TWIZY Urban(2인승),르노삼성,전기,0.0,7.9,고속,15000,7.9,173.8,330000.0
31,2019,LSEV,코리아에어카고,전기,0.0,4.4,고속,15000,4.4,173.8,592500.0
32,2019,포터일렉트릭,현대,전기,0.0,3.1,고속,15000,3.1,173.8,840967.741935484
33,2019,Model S Performance,테슬라코리아 유한회사,전기,0.0,4.3,고속,15000,4.6,173.8,566739.1304347827
34,2019,CHEVROLET BOLT EV,GM,전기,0.0,5.4,고속,15000,5.4,173.8,482777.77777777775
35,2019,타이칸 4S (High),포르쉐,전기,0.0,2.9,고속,15000,2.9,173.8,898965.5172413794
36,2019,Danigo(다니고),(주)대창모터스,전기,0.0,5.3,저속,15000,5.3,173.8,491886.7924528303
37,2019,TWIZY Cargo(1인승),르노삼성,전기,0.0,7.9,고속,15000,7.9,173.8,330000.0
38,2019,BMW i3 94Ah,BMW,전기,0.0,5.4,고속,15000,5.4,173.8,482777.77777777775
39,2019,e-tron Sportback 50 uattro,아우디,전기,0.0,3.0,고속,15000,3.0,173.8,869000.0
40,2019,Model S P100D,테슬라코리아 유한회사,전기,0.0,3.8,고속,15000,4.6,173.8,566739.1304347827
41,2019,Model X Long Range Plus,테슬라코리아 유한회사,전기,0.0,4.0,고속,15000,4.0,173.8,651750.0
42,2019,LEAF,닛산,전기,0.0,5.2,고속,15000,5.2,173.8,501346.1538461538
43,2019,DS3 CROSSBACK E-TENSE,PSA Automobiles,전기,0.0,4.3,고속,15000,4.3,173.8,606279.069767442
44,2019,Model X 100D,테슬라코리아 유한회사,전기,0.0,4.1,고속,15000,4.1,173.8,635853.6585365855
45,2019,Peugeot e-208,PSA Automobiles,전기,0.0,4.4,고속,15000,4.4,173.8,592500.0
46,2019,Model X 100D,테슬라코리아 유한회사,전기,0.0,3.4,고속,15000,3.4,173.8,766764.705882353
47,2019,봉고 전기차,기아,전기,0.0,3.1,고속,15000,3.1,173.8,840967.741935484
48,2019,"쏘울 전기차(기본형, 64kWh)",기아,전기,0.0,5.4,고속,15000,5.4,173.8,482777.77777777775
49,2019,SM3 Z.E.,르노삼성,전기,0.0,4.5,고속,15000,4.5,173.8,579333.3333333334
50,2019,"니로 전기차 (경제형, 39.2kWh)",기아,전기,0.0,5.5,고속,15000,5.3,173.8,491886.7924528303
51,2019,Model S 75D,테슬라코리아 유한회사,전기,0.0,4.3,고속,15000,4.6,173.8,566739.1304347827
52,2019,BMW i3 120Ah,BMW,전기,0.0,5.6,고속,15000,5.6,173.8,465535.7142857144
53,2019,Model 3 Standard Range Plus RWD,테슬라코리아 유한회사,전기,0.0,5.8,고속,15000,5.1,173.8,511176.47058823536
54,2019,마스타(MASTA)VAN,마스타전기차(주),전기,0.0,6.1,고속,15000,6.1,173.8,427377.0491803279
55,2019,Model X Performance,테슬라코리아 유한회사,전기,0.0,3.8,고속,15000,3.8,173.8,686052.6315789474
56,2019,마이브 M1,투데이션샤인,전기,0.0,5.5,고속,15000,5.5,173.8,474000.00000000006
57,2019,Model X Long Range,테슬라코리아 유한회사,전기,0.0,3.9,고속,15000,3.9,173.8,668461.5384615385
58,2019,ZOE,르노삼성,전기,0.0,4.8,고속,15000,4.8,173.8,543125.0
59,2019,LEAF,닛산,전기,0.0,5.1,고속,15000,5.1,173.8,511176.47058823536
60,2019,코란도 e-motion 2WD Non Heat Pump,쌍용,전기,0.0,4.8,고속,15000,4.8,173.8,543125.0
61,2019,다니고3픽업(DANIGO 3 PICK UP),(주)대창모터스,전기,0.0,6.1,고속,15000,6.1,173.8,427377.0491803279
62,2019,제인모터스칼마토EV1톤내장탑차,제인모터스,전기,0.0,2.3,고속,15000,2.3,173.8,1133478.2608695654
63,2019,Model S Long Range,테슬라코리아 유한회사,전기,0.0,4.3,고속,15000,4.6,173.8,566739.1304347827
64,2019,"니로 전기차 (기본형, 64kWh)",기아,전기,0.0,5.3,고속,15000,5.3,173.8,491886.7924528303
65,2019,CHEVROLET BOLT EV,한국지엠,전기,0.0,5.5,고속,15000,5.5,173.8,474000.00000000006
66,2019,벤츠 EQC 400 4MATIC,벤츠,전기,0.0,3.2,고속,15000,3.2,173.8,814687.5
67,2019,"쏘울 전기차 (도심형, 39.2kWh)",기아,전기,0.0,5.6,고속,15000,5.6,173.8,465535.7142857144
68,2023,BMW i3 120Ah,BMW,전기,0.0,5.6,2등급,15000,5.6,347.2,930000.0000000001
69,2023,BMW i3 94Ah,BMW,전기,0.0,5.4,2등급,15000,5.4,347.2,964444.4444444443
70,2023,BMW i4 M50,BMW,전기,0.0,4.1,4등급,15000,4.8,347.2,1085000.0
71,2023,BMW i4 eDrive40,BMW,전기,0.0,4.6,3등급,15000,4.8,347.2,1085000.0
72,2023,BMW i5 M60 xDrive,BMW,전기,0.0,3.8,4등급,15000,3.8,347.2,1370526.3157894737
73,2023,BMW i5 eDrive40,BMW,전기,0.0,4.1,4등급,15000,4.1,347.2,1270243.9024390245
74,2023,BMW i7 M70 xDrive,BMW,전기,0.0,3.3,5등급,15000,3.3,347.2,1578181.8181818184
75,2023,BMW i7 eDrive50,BMW,전기,0.0,3.8,4등급,15000,3.8,347.2,1370526.3157894737
76,2023,BMW i7 xDrive60,BMW,전기,0.0,3.7,4등급,15000,3.7,347.2,1407567.5675675673
77,2023,BMW iX M60,BMW,전기,0.0,3.4,4등급,15000,3.4,347.2,1531764.705882353
78,2023,BMW iX xDrive40,BMW,전기,0.0,3.9,4등급,15000,3.9,347.2,1335384.6153846153
79,2023,BMW iX xDrive50,BMW,전기,0.0,3.6,4등급,15000,3.6,347.2,1446666.6666666667
80,2023,BMW iX xDrive50,BMW,전기,0.0,3.7,4등급,15000,3.7,347.2,1407567.5675675673
81,2023,BMW iX1 xDrive30,BMW,전기,0.0,4.2,3등급,15000,4.2,347.2,1239999.9999999998
82,2023,BMW iX3 M Sport,BMW,전기,0.0,4.1,4등급,15000,4.4,347.2,1183636.3636363635
83,2023,CEVO-C,Supa Motor Limited,전기,0.0,6.4,초소형,15000,6.4,347.2,813750.0
84,2023,CEVO-C SE,(주)캠시스,전기,0.0,6.3,초소형,15000,6.3,347.2,826666.6666666667
85,2023,CEVO-C SE 1인승 밴형,주식회사 쎄보모빌리티,전기,0.0,6.3,초소형,15000,6.3,347.2,826666.6666666667
86,2023,CHEVROLET BOLT EUV,GM,전기,0.0,5.5,2등급,15000,5.5,347.2,946909.0909090909
87,2023,CHEVROLET BOLT EV,GM,전기,0.0,5.4,2등급,15000,5.4,347.2,964444.4444444443
88,2023,CHEVROLET BOLT EV,한국지엠,전기,0.0,5.5,2등급,15000,5.5,347.2,946909.0909090909
89,2023,D2C,쎄미시스코,전기,0.0,5.2,초소형,15000,5.2,347.2,1001538.4615384614
90,2023,D2C(D2C13),쎄미시스코,전기,0.0,5.4,초소형,15000,5.4,347.2,964444.4444444443
91,2023,D2P,쎄미시스코,전기,0.0,5.2,초소형,15000,5.2,347.2,1001538.4615384614
92,2023,DANIGO 3,(주)대창모터스,전기,0.0,6.1,초소형,15000,6.1,347.2,853770.4918032788
93,2023,DS3 CROSSBACK E-TENSE,PSA Automobiles,전기,0.0,4.3,3등급,15000,4.3,347.2,1211162.7906976745
94,2023,DS3 CROSSBACK E-TENSE,PSA Automobiles,전기,0.0,4.9,3등급,15000,4.9,347.2,1062857.1428571427
95,2023,DS3 E-TENSE,PSA Automobiles,전기,0.0,5.5,2등급,15000,5.5,347.2,946909.0909090909
96,2023,Danigo(다니고),(주)대창모터스,전기,0.0,5.3,초소형,15000,5.3,347.2,982641.5094339623
97,2023,EV SAVER(파워테크닉스 세이버 KNCSZ76ADK803665),파워테크닉스,전기,0.0,1.6,5등급,15000,1.6,347.2,3255000.0
98,2023,EV6 GT,기아,전기,0.0,3.9,4등급,15000,5.3,347.2,982641.5094339623
99,2023,EV6 기본형 4WD 19인치,기아,전기,0.0,5.3,2등급,15000,5.3,347.2,982641.5094339623
100,2023,EV6 기본형 RWD 19인치,기아,전기,0.0,5.6,2등급,15000,5.3,347.2,982641.5094339623
101,2023,EV6 항속형 4WD 19인치,기아,전기,0.0,5.0,2등급,15000,5.3,347.2,982641.5094339623
102,2023,EV6 항속형 4WD 20인치,기아,전기,0.0,4.6,3등급,15000,5.3,347.2,982641.5094339623
103,2023,EV6 항속형 RWD 19인치(빌트인캠미적용),기아,전기,0.0,5.4,2등급,15000,5.3,347.2,982641.5094339623
104,2023,EV6 항속형 RWD 19인치(빌트인캠적용),기아,전기,0.0,5.3,2등급,15000,5.3,347.2,982641.5094339623
105,2023,EV6 항속형 RWD 20인치,기아,전기,0.0,4.9,3등급,15000,5.3,347.2,982641.5094339623
106,2023,EV9 2WD 19인치 6인,기아,전기,0.0,4.2,3등급,15000,4.2,347.2,1239999.9999999998
107,2023,EV9 2WD 19인치 7인,기아,전기,0.0,4.2,3등급,15000,4.2,347.2,1239999.9999999998
108,2023,EV9 2WD 20인치 6인,기아,전기,0.0,4.1,4등급,15000,4.1,347.2,1270243.9024390245
109,2023,EV9 2WD 20인치 7인,기아,전기,0.0,4.1,4등급,15000,4.1,347.2,1270243.9024390245
110,2023,EV9 4WD 19인치 6인,기아,전기,0.0,3.8,4등급,15000,3.8,347.2,1370526.3157894737
111,2023,EV9 4WD 19인치 7인,기아,전기,0.0,3.8,4등급,15000,3.8,347.2,1370526.3157894737
112,2023,EV9 4WD 21인치 6인,기아,전기,0.0,3.9,4등급,15000,3.9,347.2,1335384.6153846153
113,2023,EV9 4WD 21인치 7인,기아,전기,0.0,3.9,4등급,15000,3.9,347.2,1335384.6153846153
114,2023,EV9 GTL 4WD 21인치 6인,기아,전기,0.0,3.8,4등급,15000,3.8,347.2,1370526.3157894737
115,2023,EV9 GTL 4WD 21인치 7인,기아,전기,0.0,3.8,4등급,15000,3.8,347.2,1370526.3157894737
116,2023,G80 Electrified,현대,전기,0.0,4.3,3등급,15000,4.3,347.2,1211162.7906976745
117,2023,G80 Electrified 24MY,현대,전기,0.0,4.3,3등급,15000,4.3,347.2,1211162.7906976745
118,2023,GV60 4WD 19인치,현대,전기,0.0,4.5,3등급,15000,4.9,347.2,1062857.1428571427
119,2023,GV60 4WD 20인치,현대,전기,0.0,4.3,3등급,15000,4.9,347.2,1062857.1428571427
120,2023,GV60 4WD 무선충전,현대,전기,0.0,4.1,4등급,15000,4.9,347.2,1062857.1428571427
121,2023,GV60 RWD 19인치,현대,전기,0.0,5.1,2등급,15000,4.9,347.2,1062857.1428571427
122,2023,GV60 성능형 4WD 21인치,현대,전기,0.0,4.1,4등급,15000,4.9,347.2,1062857.1428571427
123,2023,GV60 성능형 4WD 무선충전,현대,전기,0.0,3.9,4등급,15000,4.9,347.2,1062857.1428571427
124,2023,GV70 Electrified 19인치,현대,전기,0.0,4.6,3등급,15000,4.6,347.2,1132173.9130434783
125,2023,GV70 Electrified 20인치,현대,전기,0.0,4.3,3등급,15000,4.3,347.2,1211162.7906976745
126,2023,GV70 Electrified 무선충전,현대,전기,0.0,4.2,3등급,15000,4.2,347.2,1239999.9999999998
127,2023,ID.4 Pro,폭스바겐,전기,0.0,4.7,3등급,15000,4.7,347.2,1108085.1063829786
128,2023,ID.4 Pro,폭스바겐,전기,0.0,4.9,3등급,15000,4.9,347.2,1062857.1428571427
129,2023,LEAF,닛산,전기,0.0,5.1,2등급,15000,5.1,347.2,1021176.4705882354
130,2023,LEAF,닛산,전기,0.0,5.2,2등급,15000,5.2,347.2,1001538.4615384614
131,2023,LEAF PLUS,닛산,전기,0.0,4.8,3등급,15000,4.8,347.2,1085000.0
132,2023,LSEV,코리아에어카고,전기,0.0,4.4,3등급,15000,4.4,347.2,1183636.3636363635
133,2023,MASADA 2밴,DFSK,전기,0.0,3.8,4등급,15000,3.8,347.2,1370526.3157894737
134,2023,MASADA 3세대 2밴,DFSK,전기,0.0,3.8,4등급,15000,3.8,347.2,1370526.3157894737
135,2023,MASADA 3세대 4밴,DFSK,전기,0.0,3.8,4등급,15000,3.8,347.2,1370526.3157894737
136,2023,MASADA 4밴,DFSK,전기,0.0,3.8,4등급,15000,3.8,347.2,1370526.3157894737
137,2023,MASADA QQ 2밴,체리자동차,전기,0.0,6.3,초소형,15000,6.3,347.2,826666.6666666667
138,2023,MASADA 픽업,DFSK,전기,0.0,3.5,4등급,15000,3.5,347.2,1487999.9999999998
139,2023,MG ZS EV,(주) 케이모터,전기,0.0,4.3,3등급,15000,4.3,347.2,1211162.7906976745
140,2023,MINI Cooper SE,MINI,전기,0.0,4.5,3등급,15000,4.5,347.2,1157333.3333333333
141,2023,Mercedes-AMG EQE 53 4MATIC +,벤츠,전기,0.0,3.6,4등급,15000,3.6,347.2,1446666.6666666667
142,2023,Mercedes-AMG EQE 53 4MATIC + SUV,벤츠,전기,0.0,3.5,4등급,15000,3.5,347.2,1487999.9999999998
143,2023,Mercedes-AMG EQE 53 4MATIC +(Race Start +),벤츠,전기,0.0,3.6,4등급,15000,3.6,347.2,1446666.6666666667
144,2023,Mercedes-AMG EQE53 4MATIC +,벤츠,전기,0.0,3.3,5등급,15000,3.3,347.2,1578181.8181818184
145,2023,Mercedes-AMG EQS 53 4MATIC +,벤츠,전기,0.0,3.2,5등급,15000,3.2,347.2,1627500.0
146,2023,Mercedes-AMG EQS53 4MATIC +,벤츠,전기,0.0,3.1,5등급,15000,3.1,347.2,1680000.0
147,2023,Mercedes-AMG EQS53 4MATIC +,벤츠,전기,0.0,3.2,5등급,15000,3.2,347.2,1627500.0
148,2023,Mercedes-Benz EQA250,벤츠,전기,0.0,4.0,4등급,15000,4.0,347.2,1302000.0
149,2023,Mercedes-Benz EQA250,벤츠,전기,0.0,4.1,4등급,15000,4.1,347.2,1270243.9024390245
150,2023,Mercedes-Benz EQA250,벤츠,전기,0.0,4.9,3등급,15000,4.9,347.2,1062857.1428571427
151,2023,Mercedes-Benz EQB300 4MATIC,벤츠,전기,0.0,4.1,4등급,15000,4.1,347.2,1270243.9024390245
152,2023,Mercedes-Benz EQB300 4MATIC (5 Seater),벤츠,전기,0.0,4.1,4등급,15000,4.1,347.2,1270243.9024390245
153,2023,Mercedes-Benz EQC400 4MATIC,벤츠,전기,0.0,3.1,5등급,15000,3.1,347.2,1680000.0
154,2023,Mercedes-Benz EQE 350 +,벤츠,전기,0.0,4.6,3등급,15000,4.6,347.2,1132173.9130434783
155,2023,Mercedes-Benz EQE 350 4MATIC,벤츠,전기,0.0,4.0,4등급,15000,4.0,347.2,1302000.0
156,2023,Mercedes-Benz EQE300,벤츠,전기,0.0,4.2,3등급,15000,4.2,347.2,1239999.9999999998
157,2023,Mercedes-Benz EQE350 +,벤츠,전기,0.0,4.3,3등급,15000,4.3,347.2,1211162.7906976745
158,2023,Mercedes-Benz EQE350 4MATIC,벤츠,전기,0.0,4.0,4등급,15000,4.0,347.2,1302000.0
159,2023,Mercedes-Benz EQE350 4MATIC SUV,벤츠,전기,0.0,3.9,4등급,15000,3.9,347.2,1335384.6153846153
160,2023,Mercedes-Benz EQE500 4MATIC SUV,벤츠,전기,0.0,3.8,4등급,15000,3.8,347.2,1370526.3157894737
161,2020,파워프라자 봉고3ev PEACE 더블캡,(주)파워프라자,전기,0.0,2.0,고속,15000,2.0,255.7,1917750.0
162,2020,"쏘울 전기차 (도심형, 39.2kWh)",기아,전기,0.0,5.6,고속,15000,5.6,255.7,684910.7142857143
163,2020,Peugeot e-2008 SUV,PSA Automobiles,전기,0.0,4.3,고속,15000,4.3,255.7,891976.7441860465
164,2020,Danigo(다니고),(주)대창모터스,전기,0.0,5.3,저속,15000,5.3,255.7,723679.2452830189
165,2020,Model 3 Long Range,테슬라코리아 유한회사,전기,0.0,5.0,고속,15000,5.1,255.7,752058.8235294118
166,2020,아이오닉 전기차(PE),현대,전기,0.0,6.3,고속,15000,6.3,255.7,608809.5238095238
167,2020,Model S 100D,테슬라코리아 유한회사,전기,0.0,4.0,고속,15000,4.6,255.7,833804.3478260869
168,2020,DS3 CROSSBACK E-TENSE,PSA Automobiles,전기,0.0,4.3,고속,15000,4.3,255.7,891976.7441860465
169,2020,Model X Long Range,테슬라코리아 유한회사,전기,0.0,3.9,고속,15000,3.9,255.7,983461.5384615384
170,2020,재규어 I-PACE EV400,재규어,전기,0.0,3.5,고속,15000,3.5,255.7,1095857.1428571427
171,2020,ZOE,르노삼성,전기,0.0,4.8,고속,15000,4.8,255.7,799062.5
172,2020,D2P,쎄미시스코,전기,0.0,5.2,고속,15000,5.2,255.7,737596.1538461538
173,2020,제인모터스칼마토EV1톤내장탑차,제인모터스,전기,0.0,2.3,고속,15000,2.3,255.7,1667608.6956521738
174,2020,파워프라자 라보 ev PEACE,한국지엠,전기,0.0,3.5,고속,15000,3.5,255.7,1095857.1428571427
175,2020,BMW i3 94Ah,BMW,전기,0.0,5.4,고속,15000,5.4,255.7,710277.7777777776
176,2020,e-tron Sportback 50 uattro,아우디,전기,0.0,3.0,고속,15000,3.0,255.7,1278500.0
177,2020,LEAF PLUS,닛산,전기,0.0,4.8,고속,15000,4.8,255.7,799062.5
178,2020,Model 3 Performance,테슬라코리아 유한회사,전기,0.0,4.7,고속,15000,5.1,255.7,752058.8235294118
179,2020,마이브 M1,투데이션샤인,전기,0.0,5.5,고속,15000,5.5,255.7,697363.6363636364
180,2020,CHEVROLET BOLT EV,GM,전기,0.0,5.4,고속,15000,5.4,255.7,710277.7777777776
181,2020,LEAF,닛산,전기,0.0,5.2,고속,15000,5.2,255.7,737596.1538461538
182,2020,마스타(MASTA)VAN,마스타전기차(주),전기,0.0,6.1,고속,15000,6.1,255.7,628770.4918032787
183,2020,타이칸 4S (High),포르쉐,전기,0.0,2.9,고속,15000,2.9,255.7,1322586.2068965517
184,2020,코나 전기자동차 (기본형),현대,전기,0.0,5.6,고속,15000,5.6,255.7,684910.7142857143
185,2020,BMW i3 120Ah,BMW,전기,0.0,5.6,고속,15000,5.6,255.7,684910.7142857143
186,2020,"타이칸 4S (High, 5인승)",포르쉐,전기,0.0,2.9,고속,15000,2.9,255.7,1322586.2068965517
187,2020,"니로 전기차 (경제형, 39.2kWh)",기아,전기,0.0,5.5,고속,15000,5.3,255.7,723679.2452830189
188,2020,Peugeot e-208,PSA Automobiles,전기,0.0,4.4,고속,15000,4.4,255.7,871704.5454545454
189,2020,SM3 Z.E.,르노삼성,전기,0.0,4.5,고속,15000,4.5,255.7,852333.3333333334
190,2020,e-tron 50 uattro,아우디,전기,0.0,2.9,고속,15000,2.9,255.7,1322586.2068965517
191,2020,플러스(PLUS),(주) 한신자동차,전기,0.0,2.5,고속,15000,2.5,255.7,1534200.0
192,2020,"니로 전기차 (기본형, 64kWh)",기아,전기,0.0,5.3,고속,15000,5.3,255.7,723679.2452830189
193,2020,DANIGO 3,(주)대창모터스,전기,0.0,6.1,고속,15000,6.1,255.7,628770.4918032787
194,2020,봉고 전기차,기아,전기,0.0,3.1,고속,15000,3.1,255.7,1237258.064516129
195,2020,CEVO-C,Supa Motor Limited,전기,0.0,6.4,고속,15000,6.4,255.7,599296.875
196,2020,D2C,쎄미시스코,전기,0.0,5.2,고속,15000,5.2,255.7,737596.1538461538
197,2020,TWIZY Cargo(1인승),르노삼성,전기,0.0,7.9,고속,15000,7.9,255.7,485506.329113924
198,2020,SMART EV Z,쎄미시스코,전기,0.0,5.8,고속,15000,5.8,255.7,661293.1034482758
199,2020,Model S 75D,테슬라코리아 유한회사,전기,0.0,4.3,고속,15000,4.6,255.7,833804.3478260869
200,2020,파워프라자 봉고3ev PEACE,(주)파워프라자,전기,0.0,2.4,고속,15000,2.4,255.7,1598125.0
201,2020,Model S Long Range,테슬라코리아 유한회사,전기,0.0,4.3,고속,15000,4.6,255.7,833804.3478260869
202,2020,CHEVROLET BOLT EV,한국지엠,전기,0.0,5.5,고속,15000,5.5,255.7,697363.6363636364
203,2020,EV SAVER(파워테크닉스 세이버 KNCSZ76ADK803665),파워테크닉스,전기,0.0,1.6,고속,15000,1.6,255.7,2397187.5
204,2020,포터일렉트릭,현대,전기,0.0,3.1,고속,15000,3.1,255.7,1237258.064516129
205,2020,CEVO-C SE,(주)캠시스,전기,0.0,6.3,고속,15000,6.3,255.7,608809.5238095238
206,2020,아이오닉 전기차 (18MY),현대,전기,0.0,6.3,고속,15000,6.3,255.7,608809.5238095238
207,2020,코나 전기자동차 (도심형),현대,전기,0.0,5.8,고속,15000,5.6,255.7,684910.7142857143
208,2020,Model 3 Standard Range Plus RWD,테슬라코리아 유한회사,전기,0.0,5.8,고속,15000,5.1,255.7,752058.8235294118
209,2020,Model S Performance,테슬라코리아 유한회사,전기,0.0,4.2,고속,15000,4.6,255.7,833804.3478260869
210,2020,다니고3픽업(DANIGO 3 PICK UP),(주)대창모터스,전기,0.0,6.1,고속,15000,6.1,255.7,628770.4918032787
211,2020,e-tron 55 uattro,아우디,전기,0.0,3.0,고속,15000,3.0,255.7,1278500.0
212,2020,LEAF,닛산,전기,0.0,5.1,고속,15000,5.1,255.7,752058.8235294118
213,2020,Model X Performance,테슬라코리아 유한회사,전기,0.0,3.7,고속,15000,3.7,255.7,1036621.6216216215
214,2020,LSEV,코리아에어카고,전기,0.0,4.4,고속,15000,4.4,255.7,871704.5454545454
215,2020,TWIZY Urban(2인승),르노삼성,전기,0.0,7.9,고속,15000,7.9,255.7,485506.329113924
216,2020,Change,AD모터스,전기,0.0,4.3,저속,15000,4.3,255.7,891976.7441860465
217,2020,"쏘울 전기차(기본형, 64kWh)",기아,전기,0.0,5.4,고속,15000,5.4,255.7,710277.7777777776
218,2020,포트로(HMT-101),(주)디피코,전기,0.0,3.8,고속,15000,3.8,255.7,1009342.1052631579
219,2021,e-tron GT uattro,아우디,전기,0.0,3.7,고속(전기),15000,3.7,309.1,1253108.1081081082
220,2020,벤츠 EQC 400 4MATIC,벤츠,전기,0.0,3.2,고속,15000,3.2,255.7,1198593.75
221,2021,Mercedes-Benz EQS450 +,벤츠,전기,0.0,3.8,고속(전기),15000,3.8,309.1,1220131.5789473685
222,2021,BMW i4 M50,BMW,전기,0.0,4.1,고속(전기),15000,4.8,309.1,965937.5000000001
223,2021,GV60 4WD 19인치,현대,전기,0.0,4.5,고속(전기),15000,4.9,309.1,946224.4897959183
224,2021,타이칸 터보 S,포르쉐,전기,0.0,2.8,고속(전기),15000,2.8,309.1,1655892.8571428575
225,2021,EV6 항속형 4WD 19인치,기아,전기,0.0,5.0,고속(전기),15000,5.3,309.1,874811.3207547171
226,2021,GV60 RWD 19인치,현대,전기,0.0,5.1,고속(전기),15000,4.9,309.1,946224.4897959183
227,2021,e-tron 55 uattro,아우디,전기,0.0,3.0,고속(전기),15000,3.0,309.1,1545500.0
228,2021,Model 3 Standard Range Plus RWD,테슬라코리아 유한회사,전기,0.0,5.8,고속(전기),15000,5.1,309.1,909117.6470588237
229,2021,Model 3 Performance,테슬라코리아 유한회사,전기,0.0,4.7,고속(전기),15000,5.1,309.1,909117.6470588237
230,2021,Model X Long Range,테슬라코리아 유한회사,전기,0.0,3.9,고속(전기),15000,3.9,309.1,1188846.153846154
231,2021,GV60 4WD 무선충전,현대,전기,0.0,4.1,고속(전기),15000,4.9,309.1,946224.4897959183
232,2021,플러스2.0(카고),(주) 한신자동차,전기,0.0,2.5,고속(전기),15000,2.5,309.1,1854600.0000000002
233,2021,CHEVROLET BOLT EV,한국지엠,전기,0.0,5.5,고속(전기),15000,5.5,309.1,843000.0000000001
234,2021,타이칸 4S (5인승),포르쉐,전기,0.0,3.0,고속(전기),15000,3.0,309.1,1545500.0
235,2021,e-tron Sportback 55 uattro,아우디,전기,0.0,3.1,고속(전기),15000,3.1,309.1,1495645.1612903227
236,2021,아이오닉5 항속형 RWD 20인치,현대,전기,0.0,4.9,고속(전기),15000,5.1,309.1,909117.6470588237
237,2021,GV60 성능형 4WD 무선충전,현대,전기,0.0,3.9,고속(전기),15000,4.9,309.1,946224.4897959183
238,2021,포트로 픽업(HMT-250P),(주)디피코,전기,0.0,4.2,고속(전기),15000,4.2,309.1,1103928.5714285714
239,2021,EV6 기본형 RWD 19인치,기아,전기,0.0,5.6,고속(전기),15000,5.3,309.1,874811.3207547171
240,2021,타이칸 4S,포르쉐,전기,0.0,3.0,고속(전기),15000,3.0,309.1,1545500.0
241,2021,TWIZY Urban(2인승),르노삼성,전기,0.0,7.9,고속(전기),15000,7.9,309.1,586898.7341772151
242,2021,아이오닉5 기본형 4WD 19인치,현대,전기,0.0,4.8,고속(전기),15000,5.1,309.1,909117.6470588237
243,2021,Peugeot e-2008 SUV,PSA Automobiles,전기,0.0,4.3,고속(전기),15000,4.3,309.1,1078255.8139534886
244,2021,Mercedes-Benz EQC400 4MATIC,벤츠,전기,0.0,3.1,고속(전기),15000,3.1,309.1,1495645.1612903227
245,2021,타이칸 크로스 투리스모,포르쉐,전기,0.0,2.9,고속(전기),15000,2.9,309.1,1598793.103448276
246,2021,아이오닉5 항속형 4WD 19인치,현대,전기,0.0,4.7,고속(전기),15000,5.1,309.1,909117.6470588237
247,2021,벤츠 EQC 400 4MATIC,벤츠,전기,0.0,3.2,고속(전기),15000,3.2,309.1,1448906.25
248,2021,LEAF PLUS,닛산,전기,0.0,4.8,고속(전기),15000,4.8,309.1,965937.5000000001
249,2021,포트로 탑(HMT-250T),(주)디피코,전기,0.0,4.2,고속(전기),15000,4.2,309.1,1103928.5714285714
250,2021,"쏘울 전기차(기본형, 64kWh)",기아,전기,0.0,5.4,고속(전기),15000,5.4,309.1,858611.111111111
251,2021,LSEV,코리아에어카고,전기,0.0,4.4,고속(전기),15000,4.4,309.1,1053750.0
252,2021,타이칸 터보 (5인승),포르쉐,전기,0.0,2.9,고속(전기),15000,2.9,309.1,1598793.103448276
253,2021,Model X Performance,테슬라코리아 유한회사,전기,0.0,3.7,고속(전기),15000,3.7,309.1,1253108.1081081082
254,2021,MG ZS EV,(주) 케이모터,전기,0.0,4.3,고속(전기),15000,4.3,309.1,1078255.8139534886
255,2021,타이칸 크로스 투리스모 4S (5인승),포르쉐,전기,0.0,2.9,고속(전기),15000,2.9,309.1,1598793.103448276
256,2021,CEVO-C,Supa Motor Limited,전기,0.0,6.4,고속(전기),15000,6.4,309.1,724453.125
257,2021,EV6 항속형 RWD 19인치(빌트인캠미적용),기아,전기,0.0,5.4,고속(전기),15000,5.3,309.1,874811.3207547171
258,2021,"타이칸 (High, 5인승)",포르쉐,전기,0.0,3.0,고속(전기),15000,3.0,309.1,1545500.0
259,2021,봉고 전기차,기아,전기,0.0,3.1,고속(전기),15000,3.1,309.1,1495645.1612903227
260,2021,RS e-tron GT,아우디,전기,0.0,3.4,고속(전기),15000,3.4,309.1,1363676.4705882354
261,2021,포터일렉트릭,현대,전기,0.0,3.1,고속(전기),15000,3.1,309.1,1495645.1612903227
262,2021,BMW i3 94Ah,BMW,전기,0.0,5.4,고속(전기),15000,5.4,309.1,858611.111111111
263,2021,GV60 4WD 20인치,현대,전기,0.0,4.3,고속(전기),15000,4.9,309.1,946224.4897959183
264,2021,Model X Performance,테슬라코리아 유한회사,전기,0.0,3.8,고속(전기),15000,3.8,309.1,1220131.5789473685
265,2021,Model S Long Range,테슬라코리아 유한회사,전기,0.0,4.3,고속(전기),15000,4.6,309.1,1007934.7826086958
266,2021,"니로 전기차 (기본형, 64kWh)",기아,전기,0.0,5.3,고속(전기),15000,5.3,309.1,874811.3207547171
267,2021,Model 3 Long Range,테슬라코리아 유한회사,전기,0.0,5.0,고속(전기),15000,5.1,309.1,909117.6470588237
268,2021,Model S 75D,테슬라코리아 유한회사,전기,0.0,4.3,고속(전기),15000,4.6,309.1,1007934.7826086958
269,2021,파워프라자 봉고3ev PEACE 더블캡,(주)파워프라자,전기,0.0,2.0,고속(전기),15000,2.0,309.1,2318250.0
270,2021,포트로(HMT-101),(주)디피코,전기,0.0,3.8,고속(전기),15000,3.8,309.1,1220131.5789473685
271,2021,Peugeot e-208,PSA Automobiles,전기,0.0,4.4,고속(전기),15000,4.4,309.1,1053750.0
272,2021,코란도 e-motion 2WD Heat Pump,쌍용,전기,0.0,4.9,고속(전기),15000,4.9,309.1,946224.4897959183
273,2021,타이칸,포르쉐,전기,0.0,3.1,고속(전기),15000,3.1,309.1,1495645.1612903227
274,2021,마스타(MASTA)VAN,마스타전기차(주),전기,0.0,6.1,고속(전기),15000,6.1,309.1,760081.9672131148
275,2021,ZOE,르노삼성,전기,0.0,4.8,고속(전기),15000,4.8,309.1,965937.5000000001
276,2021,EV6 항속형 RWD 20인치,기아,전기,0.0,4.9,고속(전기),15000,5.3,309.1,874811.3207547171
277,2021,제인모터스칼마토EV1톤내장탑차,제인모터스,전기,0.0,2.3,고속(전기),15000,2.3,309.1,2015869.5652173916
278,2021,타이칸 4S (High),포르쉐,전기,0.0,2.9,고속(전기),15000,2.9,309.1,1598793.103448276
279,2021,EV SAVER(파워테크닉스 세이버 KNCSZ76ADK803665),파워테크닉스,전기,0.0,1.6,고속(전기),15000,1.6,309.1,2897812.5
280,2021,GV60 성능형 4WD 21인치,현대,전기,0.0,4.1,고속(전기),15000,4.9,309.1,946224.4897959183
281,2021,"쏘울 전기차 (도심형, 39.2kWh)",기아,전기,0.0,5.6,고속(전기),15000,5.6,309.1,827946.4285714288
282,2021,비바,Liaoning Lingyuan Linghe,전기,0.0,4.8,고속(전기),15000,4.8,309.1,965937.5000000001
283,2021,BMW iX xDrive40,BMW,전기,0.0,3.9,고속(전기),15000,3.9,309.1,1188846.153846154
284,2021,LEAF,닛산,전기,0.0,5.1,고속(전기),15000,5.1,309.1,909117.6470588237
285,2021,Model Y Standard Range,테슬라코리아 유한회사,전기,0.0,5.6,고속(전기),15000,5.0,309.1,927300.0000000001
286,2021,Model 3 Standard Range Plus RWD,테슬라코리아 유한회사,전기,0.0,6.1,고속(전기),15000,5.1,309.1,909117.6470588237
287,2021,Model X Long Range Plus,테슬라코리아 유한회사,전기,0.0,4.0,고속(전기),15000,4.0,309.1,1159125.0
288,2021,Peugeot e-208,PSA Automobiles,전기,0.0,5.4,고속(전기),15000,5.4,309.1,858611.111111111
289,2021,BMW i3 120Ah,BMW,전기,0.0,5.6,고속(전기),15000,5.6,309.1,827946.4285714288
290,2021,아이오닉5 항속형 RWD 19인치,현대,전기,0.0,5.1,고속(전기),15000,5.1,309.1,909117.6470588237
291,2021,코나 전기자동차 (도심형),현대,전기,0.0,5.8,고속(전기),15000,5.6,309.1,827946.4285714288
292,2021,다니고3픽업(DANIGO 3 PICK UP),(주)대창모터스,전기,0.0,6.1,고속(전기),15000,6.1,309.1,760081.9672131148
293,2021,Model Y Performance,테슬라코리아 유한회사,전기,0.0,4.8,고속(전기),15000,5.0,309.1,927300.0000000001
294,2021,D2C,쎄미시스코,전기,0.0,5.2,고속(전기),15000,5.2,309.1,891634.6153846154
295,2021,Model S 100D,테슬라코리아 유한회사,전기,0.0,4.0,고속(전기),15000,4.6,309.1,1007934.7826086958
296,2021,아이오닉5 기본형 RWD 19인치,현대,전기,0.0,5.1,고속(전기),15000,5.1,309.1,909117.6470588237
297,2021,파워프라자 봉고3ev PEACE,(주)파워프라자,전기,0.0,2.4,고속(전기),15000,2.4,309.1,1931875.0000000002
298,2021,Model S Performance,테슬라코리아 유한회사,전기,0.0,4.2,고속(전기),15000,4.6,309.1,1007934.7826086958
299,2021,아이오닉5 항속형 4WD 20인치,현대,전기,0.0,4.5,고속(전기),15000,5.1,309.1,909117.6470588237
300,2021,CHEVROLET BOLT EV,GM,전기,0.0,5.4,고속(전기),15000,5.4,309.1,858611.111111111
301,2021,타이칸 터보 S (5인승),포르쉐,전기,0.0,2.8,고속(전기),15000,2.8,309.1,1655892.8571428575
302,2021,Change,AD모터스,전기,0.0,4.3,저속(전기),15000,4.3,309.1,1078255.8139534886
303,2021,EV6 기본형 4WD 19인치,기아,전기,0.0,5.3,고속(전기),15000,5.3,309.1,874811.3207547171
304,2021,타이칸 크로스 투리스모 4S,포르쉐,전기,0.0,2.9,고속(전기),15000,2.9,309.1,1598793.103448276
305,2021,마이브 M1,투데이션샤인,전기,0.0,5.5,고속(전기),15000,5.5,309.1,843000.0000000001
306,2021,G80 Electrified,현대,전기,0.0,4.3,고속(전기),15000,4.3,309.1,1078255.8139534886
307,2021,코나 전기자동차 (기본형),현대,전기,0.0,5.6,고속(전기),15000,5.6,309.1,827946.4285714288
308,2021,타이칸 (5인승),포르쉐,전기,0.0,3.1,고속(전기),15000,3.1,309.1,1495645.1612903227
309,2021,Model 3 Long Range,테슬라코리아 유한회사,전기,0.0,5.6,고속(전기),15000,5.1,309.1,909117.6470588237
310,2021,타이칸 크로스 투리스모 터보,포르쉐,전기,0.0,2.8,고속(전기),15000,2.8,309.1,1655892.8571428575
311,2021,SMART EV Z,쎄미시스코,전기,0.0,5.8,고속(전기),15000,5.8,309.1,799396.551724138
312,2021,타이칸 (High),포르쉐,전기,0.0,3.0,고속(전기),15000,3.0,309.1,1545500.0
313,2021,D2P,쎄미시스코,전기,0.0,5.2,고속(전기),15000,5.2,309.1,891634.6153846154
314,2021,재규어 I-PACE EV400,재규어,전기,0.0,3.5,고속(전기),15000,3.5,309.1,1324714.2857142857
315,2021,Danigo(다니고),(주)대창모터스,전기,0.0,5.3,저속(전기),15000,5.3,309.1,874811.3207547171
316,2021,CEVO-C SE,(주)캠시스,전기,0.0,6.3,고속(전기),15000,6.3,309.1,735952.3809523811
317,2021,CHEVROLET BOLT EUV,GM,전기,0.0,5.5,고속(전기),15000,5.5,309.1,843000.0000000001
318,2021,e-tron Sportback 50 uattro,아우디,전기,0.0,3.0,고속(전기),15000,3.0,309.1,1545500.0
319,2021,e-tron 50 uattro,아우디,전기,0.0,2.9,고속(전기),15000,2.9,309.1,1598793.103448276
320,2021,파워프라자 라보 ev PEACE,한국지엠,전기,0.0,3.5,고속(전기),15000,3.5,309.1,1324714.2857142857
321,2021,D2C(D2C13),쎄미시스코,전기,0.0,5.4,고속(전기),15000,5.4,309.1,858611.111111111
322,2021,BMW iX3 M Sport,BMW,전기,0.0,4.1,고속(전기),15000,4.4,309.1,1053750.0
323,2021,Model 3 Performance,테슬라코리아 유한회사,전기,0.0,5.1,고속(전기),15000,5.1,309.1,909117.6470588237
324,2021,타이칸 크로스 투리스모 터보 (5인승),포르쉐,전기,0.0,2.8,고속(전기),15000,2.8,309.1,1655892.8571428575
325,2021,Model S Long Range Plus,테슬라코리아 유한회사,전기,0.0,4.4,고속(전기),15000,4.6,309.1,1007934.7826086958
326,2021,타이칸 터보,포르쉐,전기,0.0,2.9,고속(전기),15000,2.9,309.1,1598793.103448276
327,2021,LEAF,닛산,전기,0.0,5.2,고속(전기),15000,5.2,309.1,891634.6153846154
328,2021,타이칸 크로스 투리스모 (5인승),포르쉐,전기,0.0,2.9,고속(전기),15000,2.9,309.1,1598793.103448276
329,2021,"니로 전기차 (경제형, 39.2kWh)",기아,전기,0.0,5.5,고속(전기),15000,5.3,309.1,874811.3207547171
330,2021,Mercedes-Benz EQA250,벤츠,전기,0.0,4.0,고속(전기),15000,4.0,309.1,1159125.0
331,2021,EV6 항속형 4WD 20인치,기아,전기,0.0,4.6,고속(전기),15000,5.3,309.1,874811.3207547171
332,2021,아이오닉 전기차 (18MY),현대,전기,0.0,6.3,고속(전기),15000,6.3,309.1,735952.3809523811
333,2021,DS3 CROSSBACK E-TENSE,PSA Automobiles,전기,0.0,4.3,고속(전기),15000,4.3,309.1,1078255.8139534886
334,2021,Model Y Long Range,테슬라코리아 유한회사,전기,0.0,5.4,고속(전기),15000,5.0,309.1,927300.0000000001
335,2021,BMW iX xDrive50,BMW,전기,0.0,3.6,고속(전기),15000,3.6,309.1,1287916.6666666667
336,2021,Mercedes-Benz EQA250,벤츠,전기,0.0,4.1,고속(전기),15000,4.1,309.1,1130853.6585365855
337,2021,플러스(PLUS),(주) 한신자동차,전기,0.0,2.5,고속(전기),15000,2.5,309.1,1854600.0000000002
338,2021,"타이칸 4S (High, 5인승)",포르쉐,전기,0.0,2.9,고속(전기),15000,2.9,309.1,1598793.103448276
339,2021,다니고VAN,(주)대창모터스,전기,0.0,3.6,고속(전기),15000,3.6,309.1,1287916.6666666667
340,2021,DANIGO 3,(주)대창모터스,전기,0.0,6.1,고속(전기),15000,6.1,309.1,760081.9672131148
341,2021,Model S Performance,테슬라코리아 유한회사,전기,0.0,4.3,고속(전기),15000,4.6,309.1,1007934.7826086958
342,2021,아이오닉5 항속형 RWD 19인치 빌트인캠,현대,전기,0.0,5.1,고속(전기),15000,5.1,309.1,909117.6470588237
343,2021,아이오닉 전기차(PE),현대,전기,0.0,6.3,고속(전기),15000,6.3,309.1,735952.3809523811
344,2022,BMW iX xDrive50,BMW,전기,0.0,3.7,고속,15000,3.7,347.2,1407567.5675675673
345,2021,TWIZY Cargo(1인승),르노삼성,전기,0.0,7.9,고속(전기),15000,7.9,309.1,586898.7341772151
346,2021,EV6 항속형 RWD 19인치(빌트인캠적용),기아,전기,0.0,5.3,고속(전기),15000,5.3,309.1,874811.3207547171
347,2022,D2C(D2C13),쎄미시스코,전기,0.0,5.4,고속,15000,5.4,347.2,964444.4444444443
348,2022,아이오닉6 항속형 RWD 18인치,현대,전기,0.0,6.0,고속,15000,5.5,347.2,946909.0909090909
349,2022,BMW iX xDrive40,BMW,전기,0.0,3.9,고속,15000,3.9,347.2,1335384.6153846153
350,2022,렉서스 UX300e,토요타,전기,0.0,4.7,고속,15000,4.7,347.2,1108085.1063829786
351,2022,Model X Long Range,테슬라코리아 유한회사,전기,0.0,3.9,고속,15000,3.9,347.2,1335384.6153846153
352,2022,Polestar 2 Long Range Single Motor,폴스타,전기,0.0,4.8,고속,15000,4.8,347.2,1085000.0
353,2022,Model 3 Performance,테슬라코리아 유한회사,전기,0.0,4.7,고속,15000,5.1,347.2,1021176.4705882354
354,2022,DANIGO 3,(주)대창모터스,전기,0.0,6.1,고속,15000,6.1,347.2,853770.4918032788
355,2022,Q4 e-tron 40,아우디,전기,0.0,4.3,고속,15000,4.3,347.2,1211162.7906976745
356,2022,Model 3 Standard Range Plus RWD,테슬라코리아 유한회사,전기,0.0,5.8,고속,15000,5.1,347.2,1021176.4705882354
357,2022,아이오닉5 항속형 4WD 19인치,현대,전기,0.0,4.7,고속,15000,5.1,347.2,1021176.4705882354
358,2022,GV70 Electrified 20인치,현대,전기,0.0,4.3,고속,15000,4.3,347.2,1211162.7906976745
359,2022,Mercedes-Benz EQB300 4MATIC (5 Seater),벤츠,전기,0.0,4.1,고속,15000,4.1,347.2,1270243.9024390245
360,2022,타이칸 GTS,포르쉐,전기,0.0,3.2,고속,15000,3.2,347.2,1627500.0
361,2022,Danigo(다니고),(주)대창모터스,전기,0.0,5.3,저속,15000,5.3,347.2,982641.5094339623
362,2022,e-tron Sportback 55 uattro,아우디,전기,0.0,3.1,고속,15000,3.1,347.2,1680000.0
363,2022,아이오닉5 항속형 RWD 19인치,현대,전기,0.0,5.1,고속,15000,5.1,347.2,1021176.4705882354
364,2022,아이오닉6 항속형 AWD 18인치,현대,전기,0.0,5.5,고속,15000,5.5,347.2,946909.0909090909
365,2022,EV6 항속형 RWD 19인치(빌트인캠미적용),기아,전기,0.0,5.4,고속,15000,5.3,347.2,982641.5094339623
366,2022,Model Y Long Range,테슬라코리아 유한회사,전기,0.0,5.4,고속,15000,5.0,347.2,1041600.0
367,2022,e-tron 50 uattro,아우디,전기,0.0,2.9,고속,15000,2.9,347.2,1795862.0689655172
368,2022,Peugeot e-2008 SUV,PSA Automobiles,전기,0.0,4.3,고속,15000,4.3,347.2,1211162.7906976745
369,2022,Model 3 Standard Range Plus RWD,테슬라코리아 유한회사,전기,0.0,6.1,고속,15000,5.1,347.2,1021176.4705882354
370,2022,볼보 C40 Recharge Twin,볼보,전기,0.0,4.1,고속,15000,4.1,347.2,1270243.9024390245
371,2022,Peugeot e-208,PSA Automobiles,전기,0.0,4.4,고속,15000,4.4,347.2,1183636.3636363635
372,2022,타이칸 크로스 투리스모 (5인승),포르쉐,전기,0.0,2.9,고속,15000,2.9,347.2,1795862.0689655172
373,2022,아이오닉6 항속형 AWD 20인치,현대,전기,0.0,4.8,고속,15000,5.5,347.2,946909.0909090909
374,2022,포트로 픽업(HMT-250P),(주)디피코,전기,0.0,4.2,고속,15000,4.2,347.2,1239999.9999999998
375,2022,타이칸 크로스 투리스모,포르쉐,전기,0.0,2.9,고속,15000,2.9,347.2,1795862.0689655172
376,2022,e-tron GT uattro,아우디,전기,0.0,3.7,고속,15000,3.7,347.2,1407567.5675675673
377,2022,포터 일렉트릭 22MY,현대,전기,0.0,3.1,고속,15000,3.1,347.2,1680000.0
378,2022,타이칸 터보,포르쉐,전기,0.0,2.9,고속,15000,2.9,347.2,1795862.0689655172
379,2022,벤츠 EQC 400 4MATIC,벤츠,전기,0.0,3.2,고속,15000,3.2,347.2,1627500.0
380,2022,ID.4 Pro,폭스바겐,전기,0.0,4.7,고속,15000,4.7,347.2,1108085.1063829786
381,2022,제인모터스칼마토EV1톤내장탑차,제인모터스,전기,0.0,2.3,고속,15000,2.3,347.2,2264347.8260869565
382,2022,아이오닉5 항속형 RWD 19인치 빌트인캠 (77.4kWh),현대,전기,0.0,5.1,고속,15000,5.1,347.2,1021176.4705882354
383,2022,e-tron S,아우디,전기,0.0,2.7,고속,15000,2.7,347.2,1928888.8888888885
384,2022,e-tron 55 uattro,아우디,전기,0.0,3.0,고속,15000,3.0,347.2,1736000.0
385,2022,Mercedes-Benz EQA250,벤츠,전기,0.0,4.0,고속,15000,4.0,347.2,1302000.0
386,2022,BMW iX3 M Sport,BMW,전기,0.0,4.1,고속,15000,4.4,347.2,1183636.3636363635
387,2022,코란도 e-motion 2WD Non Heat Pump,쌍용,전기,0.0,4.9,고속,15000,4.9,347.2,1062857.1428571427
388,2022,BMW iX M60,BMW,전기,0.0,3.4,고속,15000,3.4,347.2,1531764.705882353
389,2022,비바,Liaoning Lingyuan Linghe,전기,0.0,4.8,고속,15000,4.8,347.2,1085000.0
390,2022,아이오닉 전기차(PE),현대,전기,0.0,6.3,고속,15000,6.3,347.2,826666.6666666667
391,2022,Model Y Performance,테슬라코리아 유한회사,전기,0.0,4.8,고속,15000,5.0,347.2,1041600.0
392,2022,Mercedes-Benz EQE350 +,벤츠,전기,0.0,4.3,고속,15000,4.3,347.2,1211162.7906976745
393,2022,DS3 CROSSBACK E-TENSE,PSA Automobiles,전기,0.0,4.9,고속,15000,4.9,347.2,1062857.1428571427
394,2022,타이칸 터보 (5인승),포르쉐,전기,0.0,2.9,고속,15000,2.9,347.2,1795862.0689655172
395,2022,파워프라자 라보 ev PEACE,한국지엠,전기,0.0,3.5,고속,15000,3.5,347.2,1487999.9999999998
396,2022,다니고VAN,(주)대창모터스,전기,0.0,3.6,고속,15000,3.6,347.2,1446666.6666666667
397,2022,EV6 항속형 RWD 19인치(빌트인캠적용),기아,전기,0.0,5.3,고속,15000,5.3,347.2,982641.5094339623
398,2022,Model X Plaid,테슬라코리아 유한회사,전기,0.0,4.1,고속,15000,4.1,347.2,1270243.9024390245
399,2022,아이오닉5 항속형 RWD 19인치 (77.4kWh),현대,전기,0.0,5.2,고속,15000,5.1,347.2,1021176.4705882354
400,2022,타이칸 4S,포르쉐,전기,0.0,3.0,고속,15000,3.0,347.2,1736000.0
401,2022,T4K,BYD,전기,0.0,2.6,고속,15000,2.6,347.2,2003076.9230769228
402,2022,타이칸 (High),포르쉐,전기,0.0,3.0,고속,15000,3.0,347.2,1736000.0
403,2022,비바,Liaoning Lingyuan Linghe,전기,0.0,4.6,고속,15000,4.6,347.2,1132173.9130434783
404,2022,CEVO-C SE 1인승 밴형,주식회사 쎄보모빌리티,전기,0.0,6.3,고속,15000,6.3,347.2,826666.6666666667
405,2022,MINI Cooper SE,MINI,전기,0.0,4.5,고속,15000,4.5,347.2,1157333.3333333333
406,2022,MASADA 2밴,DFSK,전기,0.0,3.8,고속,15000,3.8,347.2,1370526.3157894737
407,2022,타이칸 터보 S (5인승),포르쉐,전기,0.0,2.8,고속,15000,2.8,347.2,1860000.0000000002
408,2022,Change,AD모터스,전기,0.0,4.3,저속,15000,4.3,347.2,1211162.7906976745
409,2022,MASADA 픽업,DFSK,전기,0.0,3.5,고속,15000,3.5,347.2,1487999.9999999998
410,2022,GV60 4WD 무선충전,현대,전기,0.0,4.1,고속,15000,4.9,347.2,1062857.1428571427
411,2022,Model S 100D,테슬라코리아 유한회사,전기,0.0,4.0,고속,15000,4.6,347.2,1132173.9130434783
412,2022,LEAF,닛산,전기,0.0,5.1,고속,15000,5.1,347.2,1021176.4705882354
413,2022,타이칸 터보 S,포르쉐,전기,0.0,2.8,고속,15000,2.8,347.2,1860000.0000000002
414,2022,타이칸 크로스 투리스모 터보,포르쉐,전기,0.0,2.8,고속,15000,2.8,347.2,1860000.0000000002
415,2022,"니로 전기차 (경제형, 39.2kWh)",기아,전기,0.0,5.5,고속,15000,5.3,347.2,982641.5094339623
416,2022,Model S Long Range Plus,테슬라코리아 유한회사,전기,0.0,4.4,고속,15000,4.6,347.2,1132173.9130434783
417,2022,MASADA 3세대 4밴,DFSK,전기,0.0,3.8,고속,15000,3.8,347.2,1370526.3157894737
418,2022,ZOE,르노코리아자동차(주),전기,0.0,4.8,고속,15000,4.8,347.2,1085000.0
419,2022,GV60 RWD 19인치,현대,전기,0.0,5.1,고속,15000,4.9,347.2,1062857.1428571427
420,2022,EV SAVER(파워테크닉스 세이버 KNCSZ76ADK803665),파워테크닉스,전기,0.0,1.6,고속,15000,1.6,347.2,3255000.0
421,2022,"타이칸 4S (High, 5인승)",포르쉐,전기,0.0,2.9,고속,15000,2.9,347.2,1795862.0689655172
422,2022,Mercedes-Benz EQE350 4MATIC,벤츠,전기,0.0,4.0,고속,15000,4.0,347.2,1302000.0
423,2022,CHEVROLET BOLT EUV,GM,전기,0.0,5.5,고속,15000,5.5,347.2,946909.0909090909
424,2022,Mercedes-Benz EQS580 4MATIC SUV,벤츠,전기,0.0,3.5,고속,15000,3.5,347.2,1487999.9999999998
425,2022,아이오닉5 항속형 4WD 20인치 (77.4kWh),현대,전기,0.0,4.4,고속,15000,5.1,347.2,1021176.4705882354
426,2022,타이칸 크로스 투리스모 4S,포르쉐,전기,0.0,2.9,고속,15000,2.9,347.2,1795862.0689655172
427,2022,Mercedes-Benz EQA250,벤츠,전기,0.0,4.1,고속,15000,4.1,347.2,1270243.9024390245
428,2022,Model X Long Range Plus,테슬라코리아 유한회사,전기,0.0,4.0,고속,15000,4.0,347.2,1302000.0
429,2022,아이오닉5 기본형 RWD 19인치,현대,전기,0.0,5.1,고속,15000,5.1,347.2,1021176.4705882354
430,2022,Mercedes-Benz EQS450 4MATIC SUV,벤츠,전기,0.0,3.6,고속,15000,3.6,347.2,1446666.6666666667
431,2022,Model S Long Range,테슬라코리아 유한회사,전기,0.0,4.3,고속,15000,4.6,347.2,1132173.9130434783
432,2022,아이오닉 전기차 (18MY),현대,전기,0.0,6.3,고속,15000,6.3,347.2,826666.6666666667
433,2022,EV6 항속형 4WD 19인치,기아,전기,0.0,5.0,고속,15000,5.3,347.2,982641.5094339623
434,2022,아이오닉5 항속형 RWD 19인치 빌트인캠,현대,전기,0.0,5.1,고속,15000,5.1,347.2,1021176.4705882354
435,2022,LSEV,코리아에어카고,전기,0.0,4.4,고속,15000,4.4,347.2,1183636.3636363635
436,2022,Model S 75D,테슬라코리아 유한회사,전기,0.0,4.3,고속,15000,4.6,347.2,1132173.9130434783
437,2022,타이칸 4S (5인승),포르쉐,전기,0.0,3.0,고속,15000,3.0,347.2,1736000.0
438,2022,타이칸 크로스 투리스모 4S (5인승),포르쉐,전기,0.0,2.9,고속,15000,2.9,347.2,1795862.0689655172
439,2022,Model X Performance,테슬라코리아 유한회사,전기,0.0,3.7,고속,15000,3.7,347.2,1407567.5675675673
440,2022,Mercedes-Benz EQS450 4MATIC SUV(5seats),벤츠,전기,0.0,3.6,고속,15000,3.6,347.2,1446666.6666666667
441,2022,Mercedes-Benz EQB300 4MATIC,벤츠,전기,0.0,4.1,고속,15000,4.1,347.2,1270243.9024390245
442,2022,코나 전기자동차 (도심형),현대,전기,0.0,5.8,고속,15000,5.6,347.2,930000.0000000001
443,2022,"쏘울 전기차(기본형, 64kWh)",기아,전기,0.0,5.4,고속,15000,5.4,347.2,964444.4444444443
444,2022,BMW i3 120Ah,BMW,전기,0.0,5.6,고속,15000,5.6,347.2,930000.0000000001
445,2022,LEAF PLUS,닛산,전기,0.0,4.8,고속,15000,4.8,347.2,1085000.0
446,2022,Model 3 Long Range,테슬라코리아 유한회사,전기,0.0,5.0,고속,15000,5.1,347.2,1021176.4705882354
447,2022,파워프라자 봉고3ev PEACE 더블캡,(주)파워프라자,전기,0.0,2.0,고속,15000,2.0,347.2,2604000.0
448,2022,Mercedes-Benz EQS450 +,벤츠,전기,0.0,3.8,고속,15000,3.8,347.2,1370526.3157894737
449,2022,니로 플러스 EV 항속형 2WD 17인치,기아,전기,0.0,5.3,고속,15000,5.3,347.2,982641.5094339623
450,2022,아이오닉5 항속형 4WD 19인치 (77.4kWh),현대,전기,0.0,4.7,고속,15000,5.1,347.2,1021176.4705882354
451,2022,SMART EV Z,쎄미시스코,전기,0.0,5.8,고속,15000,5.8,347.2,897931.0344827586
452,2022,Model 3 Long Range,테슬라코리아 유한회사,전기,0.0,5.6,고속,15000,5.1,347.2,1021176.4705882354
453,2022,LEAF,닛산,전기,0.0,5.2,고속,15000,5.2,347.2,1001538.4615384614
454,2022,MASADA 3세대 2밴,DFSK,전기,0.0,3.8,고속,15000,3.8,347.2,1370526.3157894737
455,2022,EV6 기본형 4WD 19인치,기아,전기,0.0,5.3,고속,15000,5.3,347.2,982641.5094339623
456,2022,Mercedes-AMG EQS53 4MATIC +,벤츠,전기,0.0,3.2,고속,15000,3.2,347.2,1627500.0
457,2022,D2P,쎄미시스코,전기,0.0,5.2,고속,15000,5.2,347.2,1001538.4615384614
458,2022,다니고C,(주)대창모터스,전기,0.0,3.1,고속,15000,3.1,347.2,1680000.0
459,2022,Model S AWD,테슬라코리아 유한회사,전기,0.0,4.5,고속,15000,4.6,347.2,1132173.9130434783
460,2022,DS3 CROSSBACK E-TENSE,PSA Automobiles,전기,0.0,4.3,고속,15000,4.3,347.2,1211162.7906976745
461,2022,타이칸 크로스 투리스모 터보 (5인승),포르쉐,전기,0.0,2.8,고속,15000,2.8,347.2,1860000.0000000002
462,2022,"니로 전기차 (기본형, 64kWh)",기아,전기,0.0,5.3,고속,15000,5.3,347.2,982641.5094339623
463,2022,이티밴,Brilliance Shineray,전기,0.0,4.4,고속,15000,4.4,347.2,1183636.3636363635
464,2022,Mercedes-AMG EQE53 4MATIC +,벤츠,전기,0.0,3.3,고속,15000,3.3,347.2,1578181.8181818184
465,2022,Mercedes-Benz EQS450 4MATIC,벤츠,전기,0.0,3.5,고속,15000,3.5,347.2,1487999.9999999998
466,2022,Model X Performance,테슬라코리아 유한회사,전기,0.0,3.8,고속,15000,3.8,347.2,1370526.3157894737
467,2022,Peugeot e-208,PSA Automobiles,전기,0.0,5.4,고속,15000,5.4,347.2,964444.4444444443
468,2022,봉고 전기차 (22),기아,전기,0.0,3.1,고속,15000,3.1,347.2,1680000.0
469,2022,아이오닉5 항속형 4WD 20인치,현대,전기,0.0,4.5,고속,15000,5.1,347.2,1021176.4705882354
470,2022,GV60 4WD 20인치,현대,전기,0.0,4.3,고속,15000,4.9,347.2,1062857.1428571427
471,2022,타이칸 4S (High),포르쉐,전기,0.0,2.9,고속,15000,2.9,347.2,1795862.0689655172
472,2022,BMW i4 eDrive40,BMW,전기,0.0,4.6,고속,15000,4.8,347.2,1085000.0
473,2022,GV70 Electrified 무선충전,현대,전기,0.0,4.2,고속,15000,4.2,347.2,1239999.9999999998
474,2022,코란도 e-motion 2WD Heat Pump,쌍용,전기,0.0,4.9,고속,15000,4.9,347.2,1062857.1428571427
475,2022,BMW i7 xDrive60,BMW,전기,0.0,3.7,고속,15000,3.7,347.2,1407567.5675675673
476,2022,CHEVROLET BOLT EV,GM,전기,0.0,5.4,고속,15000,5.4,347.2,964444.4444444443
477,2022,코나 전기자동차 (기본형),현대,전기,0.0,5.6,고속,15000,5.6,347.2,930000.0000000001
478,2022,타이칸 GTS (5인승),포르쉐,전기,0.0,3.2,고속,15000,3.2,347.2,1627500.0
479,2022,파워프라자 봉고3ev PEACE,(주)파워프라자,전기,0.0,2.4,고속,15000,2.4,347.2,2170000.0
480,2022,CEVO-C SE,(주)캠시스,전기,0.0,6.3,고속,15000,6.3,347.2,826666.6666666667
481,2022,Mercedes-Benz EQS350,벤츠,전기,0.0,4.0,고속,15000,4.0,347.2,1302000.0
482,2022,MG ZS EV,(주) 케이모터,전기,0.0,4.3,고속,15000,4.3,347.2,1211162.7906976745
483,2022,Model S Plaid,테슬라코리아 유한회사,전기,0.0,4.1,고속,15000,4.6,347.2,1132173.9130434783
484,2022,타이칸,포르쉐,전기,0.0,3.1,고속,15000,3.1,347.2,1680000.0
485,2022,재규어 I-PACE EV400,재규어,전기,0.0,3.5,고속,15000,3.5,347.2,1487999.9999999998
486,2022,다니고3픽업(DANIGO 3 PICK UP),(주)대창모터스,전기,0.0,6.1,고속,15000,6.1,347.2,853770.4918032788
487,2022,GV60 성능형 4WD 21인치,현대,전기,0.0,4.1,고속,15000,4.9,347.2,1062857.1428571427
488,2022,봉고 전기차,기아,전기,0.0,3.1,고속,15000,3.1,347.2,1680000.0
489,2022,MASADA 4밴,DFSK,전기,0.0,3.8,고속,15000,3.8,347.2,1370526.3157894737
490,2022,"타이칸 (High, 5인승)",포르쉐,전기,0.0,3.0,고속,15000,3.0,347.2,1736000.0
491,2022,GV70 Electrified 19인치,현대,전기,0.0,4.6,고속,15000,4.6,347.2,1132173.9130434783
492,2022,EV6 항속형 4WD 20인치,기아,전기,0.0,4.6,고속,15000,5.3,347.2,982641.5094339623
493,2022,플러스2.0(카고),(주) 한신자동차,전기,0.0,2.5,고속,15000,2.5,347.2,2083200.0
494,2022,Polestar 2 Long Range Dual Motor,폴스타,전기,0.0,3.8,고속,15000,3.8,347.2,1370526.3157894737
495,2022,니로 EV 17인치,기아,전기,0.0,5.3,고속,15000,5.3,347.2,982641.5094339623
496,2022,Model Y Standard Range,테슬라코리아 유한회사,전기,0.0,5.6,고속,15000,5.0,347.2,1041600.0
497,2022,볼보 XC40 Recharge Twin,볼보,전기,0.0,3.9,고속,15000,3.9,347.2,1335384.6153846153
498,2022,D2C,쎄미시스코,전기,0.0,5.2,고속,15000,5.2,347.2,1001538.4615384614
499,2022,Model 3 RWD,테슬라코리아 유한회사,전기,0.0,5.7,고속,15000,5.1,347.2,1021176.4705882354
500,2022,타이칸 (5인승),포르쉐,전기,0.0,3.1,고속,15000,3.1,347.2,1680000.0
501,2022,Model 3 Performance,테슬라코리아 유한회사,전기,0.0,5.1,고속,15000,5.1,347.2,1021176.4705882354
502,2022,마이브 M1,투데이션샤인,전기,0.0,5.5,고속,15000,5.5,347.2,946909.0909090909
503,2022,"쏘울 전기차 (도심형, 39.2kWh)",기아,전기,0.0,5.6,고속,15000,5.6,347.2,930000.0000000001
504,2022,GV60 4WD 19인치,현대,전기,0.0,4.5,고속,15000,4.9,347.2,1062857.1428571427
505,2022,EV6 항속형 RWD 20인치,기아,전기,0.0,4.9,고속,15000,5.3,347.2,982641.5094339623
506,2022,브라보,Liaoning Lingyuan Linghe,전기,0.0,4.1,고속,15000,4.1,347.2,1270243.9024390245
507,2022,GV60 성능형 4WD 무선충전,현대,전기,0.0,3.9,고속,15000,4.9,347.2,1062857.1428571427
508,2022,BMW i4 M50,BMW,전기,0.0,4.1,고속,15000,4.8,347.2,1085000.0
509,2022,아이오닉6 기본형 RWD 18인치,현대,전기,0.0,6.2,고속,15000,5.5,347.2,946909.0909090909
510,2022,RS e-tron GT,아우디,전기,0.0,3.4,고속,15000,3.4,347.2,1531764.705882353
511,2022,아이오닉6 항속형 RWD 20인치,현대,전기,0.0,5.1,고속,15000,5.5,347.2,946909.0909090909
512,2022,Mercedes-Benz EQE300,벤츠,전기,0.0,4.2,고속,15000,4.2,347.2,1239999.9999999998
513,2022,포트로 탑(HMT-250T),(주)디피코,전기,0.0,4.2,고속,15000,4.2,347.2,1239999.9999999998
514,2022,EV6 기본형 RWD 19인치,기아,전기,0.0,5.6,고속,15000,5.3,347.2,982641.5094339623
515,2022,마스타(MASTA)VAN,마스타전기차(주),전기,0.0,6.1,고속,15000,6.1,347.2,853770.4918032788
516,2022,아이오닉5 항속형 RWD 20인치,현대,전기,0.0,4.9,고속,15000,5.1,347.2,1021176.4705882354
517,2022,포트로(HMT-101),(주)디피코,전기,0.0,3.8,고속,15000,3.8,347.2,1370526.3157894737
518,2022,CEVO-C,Supa Motor Limited,전기,0.0,6.4,고속,15000,6.4,347.2,813750.0
519,2022,Model S Performance,테슬라코리아 유한회사,전기,0.0,4.3,고속,15000,4.6,347.2,1132173.9130434783
520,2022,e-tron S Sportback,아우디,전기,0.0,2.7,고속,15000,2.7,347.2,1928888.8888888885
521,2022,G80 Electrified,현대,전기,0.0,4.3,고속,15000,4.3,347.2,1211162.7906976745
522,2022,Mercedes-AMG EQS53 4MATIC +,벤츠,전기,0.0,3.1,고속,15000,3.1,347.2,1680000.0
523,2022,포터일렉트릭,현대,전기,0.0,3.1,고속,15000,3.1,347.2,1680000.0
524,2022,젤라,"Dongfeng Automobile Co.,Ltd",전기,0.0,2.6,고속,15000,2.6,347.2,2003076.9230769228
525,2022,e-tron Sportback 50 uattro,아우디,전기,0.0,3.0,고속,15000,3.0,347.2,1736000.0
526,2022,Model S Performance,테슬라코리아 유한회사,전기,0.0,4.2,고속,15000,4.6,347.2,1132173.9130434783
527,2022,TWIZY Cargo(1인승),르노코리아자동차(주),전기,0.0,7.9,고속,15000,7.9,347.2,659240.5063291139
528,2022,아이오닉5 기본형 4WD 19인치,현대,전기,0.0,4.8,고속,15000,5.1,347.2,1021176.4705882354
529,2022,Model X AWD,테슬라코리아 유한회사,전기,0.0,4.3,고속,15000,4.3,347.2,1211162.7906976745
530,2022,Q4 Sportback e-tron 40,아우디,전기,0.0,4.1,고속,15000,4.1,347.2,1270243.9024390245
531,2022,Peugeot e-2008 SUV,PSA Automobiles,전기,0.0,4.9,고속,15000,4.9,347.2,1062857.1428571427
532,2022,TWIZY Urban(2인승),르노코리아자동차(주),전기,0.0,7.9,고속,15000,7.9,347.2,659240.5063291139
533,2022,CHEVROLET BOLT EV,한국지엠,전기,0.0,5.5,고속,15000,5.5,347.2,946909.0909090909
534,2022,Mercedes-Benz EQC400 4MATIC,벤츠,전기,0.0,3.1,고속,15000,3.1,347.2,1680000.0
535,2022,플러스(PLUS),(주) 한신자동차,전기,0.0,2.5,고속,15000,2.5,347.2,2083200.0
536,2022,포텐스,(주)진우에스엠씨,전기,0.0,4.5,고속,15000,4.5,347.2,1157333.3333333333
537,2022,아이오닉5 항속형 RWD 20인치 (77.4kWh),현대,전기,0.0,4.8,고속,15000,5.1,347.2,1021176.4705882354
538,2022,Mercedes-Benz EQS580 4MATIC SUV(5seats),벤츠,전기,0.0,3.5,고속,15000,3.5,347.2,1487999.9999999998
539,2022,BMW iX xDrive50,BMW,전기,0.0,3.6,고속,15000,3.6,347.2,1446666.6666666667
540,2023,Mercedes-Benz EQS 450 +,벤츠,전기,0.0,4.2,3등급,15000,4.2,347.2,1239999.9999999998
541,2023,Mercedes-Benz EQS 450 4MATIC,벤츠,전기,0.0,4.0,4등급,15000,4.0,347.2,1302000.0
542,2023,Mercedes-Benz EQS350,벤츠,전기,0.0,4.0,4등급,15000,4.0,347.2,1302000.0
543,2023,Mercedes-Benz EQS450 +,벤츠,전기,0.0,3.8,4등급,15000,3.8,347.2,1370526.3157894737
544,2023,Mercedes-Benz EQS450 4MATIC,벤츠,전기,0.0,3.5,4등급,15000,3.5,347.2,1487999.9999999998
545,2023,Mercedes-Benz EQS450 4MATIC SUV,벤츠,전기,0.0,3.6,4등급,15000,3.6,347.2,1446666.6666666667
546,2023,Mercedes-Benz EQS450 4MATIC SUV(5seats),벤츠,전기,0.0,3.6,4등급,15000,3.6,347.2,1446666.6666666667
547,2023,Mercedes-Benz EQS580 4MATIC SUV,벤츠,전기,0.0,3.5,4등급,15000,3.5,347.2,1487999.9999999998
548,2023,Mercedes-Benz EQS580 4MATIC SUV(5seats),벤츠,전기,0.0,3.5,4등급,15000,3.5,347.2,1487999.9999999998
549,2023,Model 3 Long Range,테슬라코리아 유한회사,전기,0.0,5.0,2등급,15000,5.1,347.2,1021176.4705882354
550,2023,Model 3 Long Range,테슬라코리아 유한회사,전기,0.0,5.6,2등급,15000,5.1,347.2,1021176.4705882354
551,2023,Model 3 Performance,테슬라코리아 유한회사,전기,0.0,4.7,3등급,15000,5.1,347.2,1021176.4705882354
552,2023,Model 3 Performance,테슬라코리아 유한회사,전기,0.0,5.1,2등급,15000,5.1,347.2,1021176.4705882354
553,2023,Model 3 RWD,테슬라코리아 유한회사,전기,0.0,5.7,2등급,15000,5.1,347.2,1021176.4705882354
554,2023,Model 3 Standard Range Plus RWD,테슬라코리아 유한회사,전기,0.0,5.8,1등급,15000,5.1,347.2,1021176.4705882354
555,2023,Model 3 Standard Range Plus RWD,테슬라코리아 유한회사,전기,0.0,6.1,1등급,15000,5.1,347.2,1021176.4705882354
556,2023,Model S 100D,테슬라코리아 유한회사,전기,0.0,4.0,4등급,15000,4.6,347.2,1132173.9130434783
557,2023,Model S 75D,테슬라코리아 유한회사,전기,0.0,4.3,3등급,15000,4.6,347.2,1132173.9130434783
558,2023,Model S AWD,테슬라코리아 유한회사,전기,0.0,4.5,3등급,15000,4.6,347.2,1132173.9130434783
559,2023,Model S AWD,테슬라코리아 유한회사,전기,0.0,4.8,3등급,15000,4.6,347.2,1132173.9130434783
560,2023,Model S Long Range,테슬라코리아 유한회사,전기,0.0,4.3,3등급,15000,4.6,347.2,1132173.9130434783
561,2023,Model S Long Range Plus,테슬라코리아 유한회사,전기,0.0,4.4,3등급,15000,4.6,347.2,1132173.9130434783
562,2023,Model S Performance,테슬라코리아 유한회사,전기,0.0,4.2,3등급,15000,4.6,347.2,1132173.9130434783
563,2023,Model S Performance,테슬라코리아 유한회사,전기,0.0,4.3,3등급,15000,4.6,347.2,1132173.9130434783
564,2023,Model S Plaid,테슬라코리아 유한회사,전기,0.0,4.1,4등급,15000,4.6,347.2,1132173.9130434783
565,2023,Model X AWD,테슬라코리아 유한회사,전기,0.0,4.2,3등급,15000,4.2,347.2,1239999.9999999998
566,2023,Model X AWD,테슬라코리아 유한회사,전기,0.0,4.3,3등급,15000,4.3,347.2,1211162.7906976745
567,2023,Model X Long Range,테슬라코리아 유한회사,전기,0.0,3.9,4등급,15000,3.9,347.2,1335384.6153846153
568,2023,Model X Long Range Plus,테슬라코리아 유한회사,전기,0.0,4.0,4등급,15000,4.0,347.2,1302000.0
569,2023,Model X Performance,테슬라코리아 유한회사,전기,0.0,3.7,4등급,15000,3.7,347.2,1407567.5675675673
570,2023,Model X Performance,테슬라코리아 유한회사,전기,0.0,3.8,4등급,15000,3.8,347.2,1370526.3157894737
571,2023,Model X Plaid,테슬라코리아 유한회사,전기,0.0,3.8,4등급,15000,3.8,347.2,1370526.3157894737
572,2023,Model X Plaid,테슬라코리아 유한회사,전기,0.0,4.1,4등급,15000,4.1,347.2,1270243.9024390245
573,2023,Model Y Long Range,테슬라코리아 유한회사,전기,0.0,5.4,2등급,15000,5.0,347.2,1041600.0
574,2023,Model Y Performance,테슬라코리아 유한회사,전기,0.0,4.8,3등급,15000,5.0,347.2,1041600.0
575,2023,Model Y RWD,테슬라코리아 유한회사,전기,0.0,5.1,2등급,15000,5.0,347.2,1041600.0
576,2023,Model Y Standard Range,테슬라코리아 유한회사,전기,0.0,5.6,2등급,15000,5.0,347.2,1041600.0
577,2023,Peugeot e-2008 SUV,PSA Automobiles,전기,0.0,4.3,3등급,15000,4.3,347.2,1211162.7906976745
578,2023,Peugeot e-2008 SUV,PSA Automobiles,전기,0.0,4.9,3등급,15000,4.9,347.2,1062857.1428571427
579,2023,Peugeot e-208,PSA Automobiles,전기,0.0,4.4,3등급,15000,4.4,347.2,1183636.3636363635
580,2023,Peugeot e-208,PSA Automobiles,전기,0.0,5.4,2등급,15000,5.4,347.2,964444.4444444443
581,2023,Peugeot e208,PSA Automobiles,전기,0.0,5.7,2등급,15000,5.7,347.2,913684.2105263157
582,2023,Polestar 2 Long Range Dual Motor,폴스타,전기,0.0,3.8,4등급,15000,3.8,347.2,1370526.3157894737
583,2023,Polestar 2 Long Range Dual Motor,폴스타,전기,0.0,4.3,3등급,15000,4.3,347.2,1211162.7906976745
584,2023,Polestar 2 Long Range Single Motor,폴스타,전기,0.0,4.8,3등급,15000,4.8,347.2,1085000.0
585,2023,Polestar 2 Long Range Single Motor,폴스타,전기,0.0,5.1,2등급,15000,5.1,347.2,1021176.4705882354
586,2023,Q4 40 e-tron,아우디,전기,0.0,4.7,3등급,15000,4.7,347.2,1108085.1063829786
587,2023,Q4 Sportback 40 e-tron,아우디,전기,0.0,4.8,3등급,15000,4.8,347.2,1085000.0
588,2023,Q4 Sportback e-tron 40,아우디,전기,0.0,4.1,4등급,15000,4.1,347.2,1270243.9024390245
589,2023,Q4 Sportback e-tron 40,아우디,전기,0.0,4.2,3등급,15000,4.2,347.2,1239999.9999999998
590,2023,Q4 e-tron 40,아우디,전기,0.0,4.2,3등급,15000,4.2,347.2,1239999.9999999998
591,2023,Q4 e-tron 40,아우디,전기,0.0,4.3,3등급,15000,4.3,347.2,1211162.7906976745
592,2023,Q8 50 e-tron uattro,아우디,전기,0.0,3.0,5등급,15000,3.0,347.2,1736000.0
593,2023,Q8 55 e-tron uattro,아우디,전기,0.0,3.0,5등급,15000,3.0,347.2,1736000.0
594,2023,Q8 Sportback 55 e-tron uattro,아우디,전기,0.0,2.9,5등급,15000,2.9,347.2,1795862.0689655172
595,2023,RS e-tron GT,아우디,전기,0.0,3.4,4등급,15000,3.4,347.2,1531764.705882353
596,2023,Rolls Royce Black Badge Spectre,롤스로이스,전기,0.0,3.2,5등급,15000,3.2,347.2,1627500.0
597,2023,Rolls Royce Spectre,롤스로이스,전기,0.0,3.2,5등급,15000,3.2,347.2,1627500.0
598,2023,SE-A2밴,지리쓰촨상용차 유한회사,전기,0.0,3.8,4등급,15000,3.8,347.2,1370526.3157894737
599,2023,SMART EV Z,쎄미시스코,전기,0.0,5.8,1등급,15000,5.8,347.2,897931.0344827586
600,2023,T4K,BYD,전기,0.0,2.6,5등급,15000,2.6,347.2,2003076.9230769228
601,2023,TWIZY Cargo(1인승),르노코리아자동차(주),전기,0.0,7.9,초소형,15000,7.9,347.2,659240.5063291139
602,2023,TWIZY Urban(2인승),르노코리아자동차(주),전기,0.0,7.9,초소형,15000,7.9,347.2,659240.5063291139
603,2023,ZOE,르노코리아자동차(주),전기,0.0,4.8,3등급,15000,4.8,347.2,1085000.0
604,2023,e-tron 50 uattro,아우디,전기,0.0,2.9,5등급,15000,2.9,347.2,1795862.0689655172
605,2023,e-tron 55 uattro,아우디,전기,0.0,3.0,5등급,15000,3.0,347.2,1736000.0
606,2023,e-tron GT uattro,아우디,전기,0.0,3.7,4등급,15000,3.7,347.2,1407567.5675675673
607,2023,e-tron S,아우디,전기,0.0,2.7,5등급,15000,2.7,347.2,1928888.8888888885
608,2023,e-tron S Sportback,아우디,전기,0.0,2.7,5등급,15000,2.7,347.2,1928888.8888888885
609,2023,e-tron Sportback 50 uattro,아우디,전기,0.0,3.0,5등급,15000,3.0,347.2,1736000.0
610,2023,e-tron Sportback 55 uattro,아우디,전기,0.0,3.1,5등급,15000,3.1,347.2,1680000.0
611,2023,니로 EV 17인치,기아,전기,0.0,5.3,2등급,15000,5.3,347.2,982641.5094339623
612,2023,"니로 전기차 (경제형, 39.2kWh)",기아,전기,0.0,5.5,2등급,15000,5.3,347.2,982641.5094339623
613,2023,"니로 전기차 (기본형, 64kWh)",기아,전기,0.0,5.3,2등급,15000,5.3,347.2,982641.5094339623
614,2023,니로 플러스 EV 항속형 2WD 17인치,기아,전기,0.0,5.3,2등급,15000,5.3,347.2,982641.5094339623
615,2023,다니고3픽업(DANIGO 3 PICK UP),(주)대창모터스,전기,0.0,6.1,초소형,15000,6.1,347.2,853770.4918032788
616,2023,다니고C,(주)대창모터스,전기,0.0,3.1,5등급,15000,3.1,347.2,1680000.0
617,2023,다니고C2,(주)대창모터스,전기,0.0,3.4,4등급,15000,3.4,347.2,1531764.705882353
618,2023,다니고VAN,(주)대창모터스,전기,0.0,3.6,4등급,15000,3.6,347.2,1446666.6666666667
619,2023,레이 EV,기아,전기,0.0,5.1,2등급,15000,5.1,347.2,1021176.4705882354
620,2023,레이 EV 밴 1인승,기아,전기,0.0,5.1,2등급,15000,5.1,347.2,1021176.4705882354
621,2023,레이 EV 밴 2인승,기아,전기,0.0,5.1,2등급,15000,5.1,347.2,1021176.4705882354
622,2023,렉서스 RZ450e,토요타,전기,0.0,5.4,2등급,15000,5.4,347.2,964444.4444444443
623,2023,렉서스 UX300e,토요타,전기,0.0,4.7,3등급,15000,4.7,347.2,1108085.1063829786
624,2023,마스타(MASTA)VAN,마스타전기차(주),전기,0.0,6.1,초소형,15000,6.1,347.2,853770.4918032788
625,2023,마이브 M1,투데이션샤인,전기,0.0,5.5,초소형,15000,5.5,347.2,946909.0909090909
626,2023,벤츠 EQC 400 4MATIC,벤츠,전기,0.0,3.2,5등급,15000,3.2,347.2,1627500.0
627,2023,볼보 C40 Recharge Twin,볼보,전기,0.0,4.1,4등급,15000,4.1,347.2,1270243.9024390245
628,2023,볼보 C40 Recharge Twin,볼보,전기,0.0,4.6,3등급,15000,4.6,347.2,1132173.9130434783
629,2023,볼보 XC40 Recharge Twin,볼보,전기,0.0,3.9,4등급,15000,3.9,347.2,1335384.6153846153
630,2023,볼보 XC40 Recharge Twin,볼보,전기,0.0,4.4,3등급,15000,4.4,347.2,1183636.3636363635
631,2023,봉고 전기차,기아,전기,0.0,3.1,5등급,15000,3.1,347.2,1680000.0
632,2023,봉고 전기차 (22),기아,전기,0.0,3.1,5등급,15000,3.1,347.2,1680000.0
633,2023,브라보,Liaoning Lingyuan Linghe,전기,0.0,4.1,4등급,15000,4.1,347.2,1270243.9024390245
634,2023,비바,Liaoning Lingyuan Linghe,전기,0.0,4.6,3등급,15000,4.6,347.2,1132173.9130434783
635,2023,비바,Liaoning Lingyuan Linghe,전기,0.0,4.8,3등급,15000,4.8,347.2,1085000.0
636,2023,"쏘울 전기차 (도심형, 39.2kWh)",기아,전기,0.0,5.6,2등급,15000,5.6,347.2,930000.0000000001
637,2023,"쏘울 전기차(기본형, 64kWh)",기아,전기,0.0,5.4,2등급,15000,5.4,347.2,964444.4444444443
638,2023,아이오닉 전기차 (18MY),현대,전기,0.0,6.3,1등급,15000,6.3,347.2,826666.6666666667
639,2023,아이오닉 전기차(PE),현대,전기,0.0,6.3,1등급,15000,6.3,347.2,826666.6666666667
640,2023,아이오닉5 N,현대,전기,0.0,3.7,4등급,15000,5.1,347.2,1021176.4705882354
641,2023,아이오닉5 기본형 4WD 19인치,현대,전기,0.0,4.8,3등급,15000,5.1,347.2,1021176.4705882354
642,2023,아이오닉5 기본형 RWD 19인치,현대,전기,0.0,5.1,2등급,15000,5.1,347.2,1021176.4705882354
643,2023,아이오닉5 항속형 4WD 19인치,현대,전기,0.0,4.7,3등급,15000,5.1,347.2,1021176.4705882354
644,2023,아이오닉5 항속형 4WD 19인치 (77.4kWh),현대,전기,0.0,4.7,3등급,15000,5.1,347.2,1021176.4705882354
645,2023,아이오닉5 항속형 4WD 20인치,현대,전기,0.0,4.5,3등급,15000,5.1,347.2,1021176.4705882354
646,2023,아이오닉5 항속형 4WD 20인치 (77.4kWh),현대,전기,0.0,4.4,3등급,15000,5.1,347.2,1021176.4705882354
647,2023,아이오닉5 항속형 RWD 19인치,현대,전기,0.0,5.1,2등급,15000,5.1,347.2,1021176.4705882354
648,2023,아이오닉5 항속형 RWD 19인치 (77.4kWh),현대,전기,0.0,5.2,2등급,15000,5.1,347.2,1021176.4705882354
649,2023,아이오닉5 항속형 RWD 19인치 빌트인캠,현대,전기,0.0,5.1,2등급,15000,5.1,347.2,1021176.4705882354
650,2023,아이오닉5 항속형 RWD 19인치 빌트인캠 (77.4kWh),현대,전기,0.0,5.1,2등급,15000,5.1,347.2,1021176.4705882354
651,2023,아이오닉5 항속형 RWD 20인치,현대,전기,0.0,4.9,3등급,15000,5.1,347.2,1021176.4705882354
652,2023,아이오닉5 항속형 RWD 20인치 (77.4kWh),현대,전기,0.0,4.8,3등급,15000,5.1,347.2,1021176.4705882354
653,2023,아이오닉6 기본형 RWD 18인치,현대,전기,0.0,6.2,1등급,15000,5.5,347.2,946909.0909090909
654,2023,아이오닉6 항속형 AWD 18인치,현대,전기,0.0,5.5,2등급,15000,5.5,347.2,946909.0909090909
655,2023,아이오닉6 항속형 AWD 20인치,현대,전기,0.0,4.8,3등급,15000,5.5,347.2,946909.0909090909
656,2023,아이오닉6 항속형 RWD 18인치,현대,전기,0.0,6.0,1등급,15000,5.5,347.2,946909.0909090909
657,2023,아이오닉6 항속형 RWD 20인치,현대,전기,0.0,5.1,2등급,15000,5.5,347.2,946909.0909090909
658,2023,이엔1톤롱바디카고,(주)이엔플러스,전기,0.0,2.8,5등급,15000,2.8,347.2,1860000.0000000002
659,2023,이엔플러스EV1톤롱바디트럭,(주)이엔플러스,전기,0.0,3.0,5등급,15000,3.0,347.2,1736000.0
660,2023,이티4밴,Brilliance Shineray,전기,0.0,4.4,3등급,15000,4.4,347.2,1183636.3636363635
661,2023,이티밴,Brilliance Shineray,전기,0.0,4.4,3등급,15000,4.4,347.2,1183636.3636363635
662,2023,제인모터스칼마토EV1톤내장탑차,제인모터스,전기,0.0,2.3,5등급,15000,2.3,347.2,2264347.8260869565
663,2023,젤라,장조우 닛산,전기,0.0,2.6,5등급,15000,2.6,347.2,2003076.9230769228
664,2023,젤라 피이백,장조우 닛산,전기,0.0,3.4,4등급,15000,3.4,347.2,1531764.705882353
665,2023,코나 전기자동차 (기본형),현대,전기,0.0,5.6,2등급,15000,5.6,347.2,930000.0000000001
666,2023,코나 전기자동차 (도심형),현대,전기,0.0,5.8,1등급,15000,5.6,347.2,930000.0000000001
667,2023,코나(SX2) 일렉트릭(기본형) 17인치,현대,전기,0.0,5.5,2등급,15000,5.6,347.2,930000.0000000001
668,2023,코나(SX2) 일렉트릭(항속형) 17인치,현대,전기,0.0,5.5,2등급,15000,5.6,347.2,930000.0000000001
669,2023,코나(SX2) 일렉트릭(항속형) 17인치(빌트인캠),현대,전기,0.0,5.5,2등급,15000,5.6,347.2,930000.0000000001
670,2023,코나(SX2) 일렉트릭(항속형) 19인치,현대,전기,0.0,4.8,3등급,15000,5.6,347.2,930000.0000000001
671,2023,코란도 e-motion 2WD Heat Pump,케이지모빌리티,전기,0.0,4.8,3등급,15000,4.8,347.2,1085000.0
672,2023,코란도 e-motion 2WD Heat Pump,케이지모빌리티,전기,0.0,4.9,3등급,15000,4.9,347.2,1062857.1428571427
673,2023,코란도 e-motion 2WD Non Heat Pump,케이지모빌리티,전기,0.0,4.9,3등급,15000,4.9,347.2,1062857.1428571427
674,2023,타이칸,포르쉐,전기,0.0,3.1,5등급,15000,3.1,347.2,1680000.0
675,2023,타이칸 (5인승),포르쉐,전기,0.0,3.1,5등급,15000,3.1,347.2,1680000.0
676,2023,타이칸 (High),포르쉐,전기,0.0,3.0,5등급,15000,3.0,347.2,1736000.0
677,2023,"타이칸 (High, 5인승)",포르쉐,전기,0.0,3.0,5등급,15000,3.0,347.2,1736000.0
678,2023,타이칸 4S,포르쉐,전기,0.0,3.0,5등급,15000,3.0,347.2,1736000.0
679,2023,타이칸 4S (5인승),포르쉐,전기,0.0,3.0,5등급,15000,3.0,347.2,1736000.0
680,2023,타이칸 4S (High),포르쉐,전기,0.0,2.9,5등급,15000,2.9,347.2,1795862.0689655172
681,2023,"타이칸 4S (High, 5인승)",포르쉐,전기,0.0,2.9,5등급,15000,2.9,347.2,1795862.0689655172
682,2023,타이칸 GTS,포르쉐,전기,0.0,3.2,5등급,15000,3.2,347.2,1627500.0
683,2023,타이칸 GTS (5인승),포르쉐,전기,0.0,3.2,5등급,15000,3.2,347.2,1627500.0
684,2023,타이칸 크로스 투리스모,포르쉐,전기,0.0,2.9,5등급,15000,2.9,347.2,1795862.0689655172
685,2023,타이칸 크로스 투리스모 (5인승),포르쉐,전기,0.0,2.9,5등급,15000,2.9,347.2,1795862.0689655172
686,2023,타이칸 크로스 투리스모 4S,포르쉐,전기,0.0,2.9,5등급,15000,2.9,347.2,1795862.0689655172
687,2023,타이칸 크로스 투리스모 4S (5인승),포르쉐,전기,0.0,2.9,5등급,15000,2.9,347.2,1795862.0689655172
688,2023,타이칸 크로스 투리스모 터보,포르쉐,전기,0.0,2.8,5등급,15000,2.8,347.2,1860000.0000000002
689,2023,타이칸 크로스 투리스모 터보 (5인승),포르쉐,전기,0.0,2.8,5등급,15000,2.8,347.2,1860000.0000000002
690,2023,타이칸 터보,포르쉐,전기,0.0,2.9,5등급,15000,2.9,347.2,1795862.0689655172
691,2023,타이칸 터보 (5인승),포르쉐,전기,0.0,2.9,5등급,15000,2.9,347.2,1795862.0689655172
692,2023,타이칸 터보 S,포르쉐,전기,0.0,2.8,5등급,15000,2.8,347.2,1860000.0000000002
693,2023,타이칸 터보 S (5인승),포르쉐,전기,0.0,2.8,5등급,15000,2.8,347.2,1860000.0000000002
694,2023,테라밴,DongfengLiuzhou Motor,전기,0.0,3.3,5등급,15000,3.3,347.2,1578181.8181818184
695,2023,테라밴키즈,DongfengLiuzhou Motor,전기,0.0,3.3,5등급,15000,3.3,347.2,1578181.8181818184
696,2023,테라밴키즈11,DongfengLiuzhou Motor,전기,0.0,3.3,5등급,15000,3.3,347.2,1578181.8181818184
697,2023,토레스 EVX 2WD 18인치타이어,케이지모빌리티,전기,0.0,5.0,2등급,15000,5.0,347.2,1041600.0
698,2023,토레스 EVX 2WD 20인치타이어,케이지모빌리티,전기,0.0,4.8,3등급,15000,4.8,347.2,1085000.0
699,2023,파워프라자 라보 ev PEACE,한국지엠,전기,0.0,3.5,4등급,15000,3.5,347.2,1487999.9999999998
700,2023,파워프라자 봉고3ev PEACE,(주)파워프라자,전기,0.0,2.4,5등급,15000,2.4,347.2,2170000.0
701,2023,파워프라자 봉고3ev PEACE 더블캡,(주)파워프라자,전기,0.0,2.0,5등급,15000,2.0,347.2,2604000.0
702,2023,포터 일렉트릭 22MY,현대,전기,0.0,3.1,5등급,15000,3.1,347.2,1680000.0
703,2023,포터일렉트릭,현대,전기,0.0,3.1,5등급,15000,3.1,347.2,1680000.0
704,2023,포텐스,(주)진우에스엠씨,전기,0.0,4.5,초소형,15000,4.5,347.2,1157333.3333333333
705,2023,포트로 탑(HMT-250T),(주)디피코,전기,0.0,4.2,초소형,15000,4.2,347.2,1239999.9999999998
706,2023,포트로 픽업(HMT-250P),(주)디피코,전기,0.0,4.2,초소형,15000,4.2,347.2,1239999.9999999998
707,2023,포트로(HMT-101),(주)디피코,전기,0.0,3.8,초소형,15000,3.8,347.2,1370526.3157894737
708,2023,플러스(PLUS),(주) 한신자동차,전기,0.0,2.5,5등급,15000,2.5,347.2,2083200.0
709,2023,플러스2.0(카고),(주) 한신자동차,전기,0.0,2.5,5등급,15000,2.5,347.2,2083200.0
710,2023,한국쓰리축1톤롱바디EV트럭(봉고),주식회사 한국쓰리축,전기,0.0,2.8,5등급,15000,2.8,347.2,1860000.0000000002
711,2023,한국쓰리축1톤롱바디EV트럭(포터),주식회사 한국쓰리축,전기,0.0,2.8,5등급,15000,2.8,347.2,1860000.0000000002
712,2024,BMW i3 120Ah,BMW,전기,0.0,5.66,2등급,15000,5.66,347.2,920141.3427561837
713,2024,BMW i4 M50,BMW,전기,0.0,4.1,4등급,15000,4.8,347.2,1085000.0
714,2024,BMW i4 M50 xDrive,BMW,전기,0.0,4.045,4등급,15000,4.8,347.2,1085000.0
715,2024,BMW i4 eDrive40,BMW,전기,0.0,4.555,3등급,15000,4.8,347.2,1085000.0
716,2024,BMW i5 M60 xDrive,BMW,전기,0.0,3.8,4등급,15000,3.8,347.2,1370526.3157894737
717,2024,BMW i5 eDrive40,BMW,전기,0.0,4.055,4등급,15000,4.055,347.2,1284340.3205918618
718,2024,"BMW i5 eDrive40 (19"", 20"")",BMW,전기,0.0,4.6,3등급,15000,4.6,347.2,1132173.9130434783
719,2024,BMW i5 xDrive40,BMW,전기,0.0,4.345,3등급,15000,4.345,347.2,1198619.1024165708
720,2024,BMW i7 M70 xDrive,BMW,전기,0.0,3.29,5등급,15000,3.29,347.2,1582978.7234042552
721,2024,BMW i7 eDrive50,BMW,전기,0.0,3.835,4등급,15000,3.835,347.2,1358018.252933507
722,2024,BMW i7 xDrive60,BMW,전기,0.0,3.69,4등급,15000,3.69,347.2,1411382.1138211382
723,2024,BMW iX M60,BMW,전기,0.0,3.39,4등급,15000,3.39,347.2,1536283.185840708
724,2024,BMW iX xDrive40,BMW,전기,0.0,3.9,4등급,15000,3.9,347.2,1335384.6153846153
725,2024,BMW iX xDrive50,BMW,전기,0.0,3.545,4등급,15000,3.545,347.2,1469111.424541608
726,2024,BMW iX1 xDrive30,BMW,전기,0.0,4.155,3등급,15000,4.155,347.2,1253429.6028880866
727,2024,BMW iX2 eDrive20,BMW,전기,0.0,4.81,3등급,15000,4.81,347.2,1082744.2827442829
728,2024,BMW iX2 xDrive30,BMW,전기,0.0,4.555,3등급,15000,4.555,347.2,1143358.9462129527
729,2024,BMW iX3 M Sport,BMW,전기,0.0,4.065,4등급,15000,4.4,347.2,1183636.3636363635
730,2024,CEVO-C,Supa Motor Limited,전기,0.0,6.45,초소형,15000,6.45,347.2,807441.8604651163
731,2024,CEVO-C SE,(주)캠시스,전기,0.0,6.295,초소형,15000,6.295,347.2,827323.2724384431
732,2024,LEAF,닛산,전기,0.0,5.14,2등급,15000,5.14,347.2,1013229.5719844359
733,2024,CEVO-C SE 1인승 밴형,주식회사 쎄보모빌리티,전기,0.0,6.295,초소형,15000,6.295,347.2,827323.2724384431
734,2024,CHEVROLET BOLT EUV,GM,전기,0.0,5.605,2등급,15000,5.605,347.2,929170.3835860838
735,2024,CHEVROLET BOLT EV,GM,전기,0.0,5.46,2등급,15000,5.46,347.2,953846.1538461538
736,2024,CHEVROLET BOLT EV,한국지엠,전기,0.0,5.595,2등급,15000,5.595,347.2,930831.0991957105
737,2024,Change,AD모터스,전기,0.0,2.365,초소형,15000,4.3,347.2,1211162.7906976745
738,2024,D2C,쎄미시스코,전기,0.0,5.23,초소형,15000,5.23,347.2,995793.499043977
739,2024,D2C(D2C13),쎄미시스코,전기,0.0,5.46,초소형,15000,5.46,347.2,953846.1538461538
740,2024,D2P,쎄미시스코,전기,0.0,5.23,초소형,15000,5.23,347.2,995793.499043977
741,2024,DANIGO 3,(주)대창모터스,전기,0.0,6.27,초소형,15000,6.27,347.2,830622.009569378
742,2024,DS3 CROSSBACK E-TENSE,PSA Automobiles,전기,0.0,4.885,3등급,15000,4.885,347.2,1066120.7778915046
743,2024,DS3 E-TENSE,PSA Automobiles,전기,0.0,5.55,2등급,15000,5.55,347.2,938378.3783783785
744,2024,Danigo(다니고),(주)대창모터스,전기,0.0,2.915,초소형,15000,2.915,347.2,1786620.9262435676
745,2024,E-CV1,"Shanxi Victory Automobile Manufacturing Co., LTD",전기,0.0,3.795,4등급,15000,3.795,347.2,1372332.0158102766
746,2024,EV SAVER(파워테크닉스 세이버 KNCSZ76ADK803665),파워테크닉스,전기,0.0,1.645,5등급,15000,1.6,347.2,3255000.0
747,2024,EV3 기본형 2WD 17인치,기아,전기,0.0,5.195,2등급,15000,5.195,347.2,1002502.4061597689
748,2024,EV3 기본형 2WD 19인치,기아,전기,0.0,5.195,2등급,15000,5.195,347.2,1002502.4061597689
749,2024,EV3 항속형 2WD 17인치(C),기아,전기,0.0,5.405,2등급,15000,5.405,347.2,963552.2664199815
750,2024,EV3 항속형 2WD 17인치(nC),기아,전기,0.0,5.405,2등급,15000,5.405,347.2,963552.2664199815
751,2024,EV3 항속형 2WD 19인치,기아,전기,0.0,5.095,2등급,15000,5.095,347.2,1022178.6064769382
752,2024,EV6 GT,기아,전기,0.0,3.93,4등급,15000,5.3,347.2,982641.5094339623
753,2024,EV6 기본형 4WD 19인치,기아,전기,0.0,5.415,2등급,15000,5.3,347.2,982641.5094339623
754,2024,EV6 기본형 RWD 19인치,기아,전기,0.0,5.725,2등급,15000,5.3,347.2,982641.5094339623
755,2024,EV6 항속형 2WD 개조차 19인치(C),기아,전기,0.0,5.215,2등급,15000,5.3,347.2,982641.5094339623
756,2024,EV6 항속형 2WD 개조차 19인치(nC),기아,전기,0.0,5.215,2등급,15000,5.3,347.2,982641.5094339623
757,2024,EV6 항속형 2WD 개조차 20인치,기아,전기,0.0,4.96,3등급,15000,5.3,347.2,982641.5094339623
758,2024,EV6 항속형 4WD 19인치,기아,전기,0.0,5.105,2등급,15000,5.3,347.2,982641.5094339623
759,2024,EV6 항속형 4WD 20인치,기아,전기,0.0,4.605,3등급,15000,5.3,347.2,982641.5094339623
760,2024,EV6 항속형 4WD 개조차 19인치,기아,전기,0.0,4.895,3등급,15000,5.3,347.2,982641.5094339623
761,2024,EV6 항속형 4WD 개조차 20인치,기아,전기,0.0,4.585,3등급,15000,5.3,347.2,982641.5094339623
762,2024,EV6 항속형 RWD 19인치(빌트인캠미적용),기아,전기,0.0,5.47,2등급,15000,5.3,347.2,982641.5094339623
763,2024,EV6 항속형 RWD 19인치(빌트인캠적용),기아,전기,0.0,5.415,2등급,15000,5.3,347.2,982641.5094339623
764,2024,EV6 항속형 RWD 20인치,기아,전기,0.0,5.005,3등급,15000,5.3,347.2,982641.5094339623
765,2024,EV9 2WD 19인치 6인,기아,전기,0.0,4.205,3등급,15000,4.205,347.2,1238525.564803805
766,2024,EV9 2WD 19인치 7인,기아,전기,0.0,4.205,3등급,15000,4.205,347.2,1238525.564803805
767,2024,EV9 2WD 20인치 6인,기아,전기,0.0,4.105,4등급,15000,4.105,347.2,1268696.711327649
768,2024,EV9 2WD 20인치 7인,기아,전기,0.0,4.105,4등급,15000,4.105,347.2,1268696.711327649
769,2024,EV9 4WD 19인치 6인,기아,전기,0.0,3.795,4등급,15000,3.795,347.2,1372332.0158102766
770,2024,EV9 4WD 19인치 7인,기아,전기,0.0,3.795,4등급,15000,3.795,347.2,1372332.0158102766
771,2024,EV9 4WD 21인치 6인,기아,전기,0.0,3.895,4등급,15000,3.895,347.2,1337098.8446726573
772,2024,EV9 4WD 21인치 7인,기아,전기,0.0,3.895,4등급,15000,3.895,347.2,1337098.8446726573
773,2024,EV9 GTL 4WD 21인치 6인,기아,전기,0.0,3.785,4등급,15000,3.785,347.2,1375957.7278731836
774,2024,EV9 GTL 4WD 21인치 7인,기아,전기,0.0,3.785,4등급,15000,3.785,347.2,1375957.7278731836
775,2024,G80 Electrified,현대,전기,0.0,4.32,3등급,15000,4.32,347.2,1205555.5555555555
776,2024,G80 Electrified 24MY,현대,전기,0.0,4.32,3등급,15000,4.32,347.2,1205555.5555555555
777,2024,GV60 4WD 19인치,현대,전기,0.0,4.485,3등급,15000,4.9,347.2,1062857.1428571427
778,2024,GV60 4WD 20인치,현대,전기,0.0,4.33,3등급,15000,4.9,347.2,1062857.1428571427
779,2024,GV60 4WD 무선충전,현대,전기,0.0,4.13,4등급,15000,4.9,347.2,1062857.1428571427
780,2024,GV60 RWD 19인치,현대,전기,0.0,5.16,2등급,15000,4.9,347.2,1062857.1428571427
781,2024,GV60 성능형 4WD 21인치,현대,전기,0.0,4.075,4등급,15000,4.9,347.2,1062857.1428571427
782,2024,GV60 성능형 4WD 무선충전,현대,전기,0.0,3.975,4등급,15000,4.9,347.2,1062857.1428571427
783,2024,GV70 Electrified 19인치,현대,전기,0.0,4.595,3등급,15000,4.595,347.2,1133405.8759521218
784,2024,GV70 Electrified 20인치,현대,전기,0.0,4.34,3등급,15000,4.34,347.2,1200000.0
785,2024,GV70 Electrified 무선충전,현대,전기,0.0,4.24,3등급,15000,4.24,347.2,1228301.8867924528
786,2024,ID.4 Pro,폭스바겐,전기,0.0,4.675,3등급,15000,4.675,347.2,1114010.6951871656
787,2024,ID.4 Pro,폭스바겐,전기,0.0,4.885,3등급,15000,4.885,347.2,1066120.7778915046
788,2024,ID.4 Pro,폭스바겐,전기,0.0,4.94,3등급,15000,4.94,347.2,1054251.0121457488
789,2024,ID.5 Pro,폭스바겐,전기,0.0,4.985,2등급,15000,4.985,347.2,1044734.2026078234
790,2024,LEAF,닛산,전기,0.0,5.295,2등급,15000,5.295,347.2,983569.4050991501
791,2024,LEAF PLUS,닛산,전기,0.0,4.785,3등급,15000,4.785,347.2,1088401.2539184953
792,2024,LSEV,코리아에어카고,전기,0.0,4.45,3등급,15000,4.45,347.2,1170337.0786516853
793,2024,MASADA 2밴,DFSK,전기,0.0,3.915,4등급,15000,3.915,347.2,1330268.1992337164
794,2024,MASADA 3세대 2밴,DFSK,전기,0.0,3.915,4등급,15000,3.915,347.2,1330268.1992337164
795,2024,MASADA 3세대 4밴,DFSK,전기,0.0,3.915,4등급,15000,3.915,347.2,1330268.1992337164
796,2024,MASADA 4밴,DFSK,전기,0.0,3.915,4등급,15000,3.915,347.2,1330268.1992337164
797,2024,MASADA QQ 2밴,체리자동차,전기,0.0,6.265,초소형,15000,6.265,347.2,831284.9162011173
798,2024,MASADA 픽업,DFSK,전기,0.0,3.56,4등급,15000,3.56,347.2,1462921.3483146068
799,2024,MG ZS EV,(주) 케이모터,전기,0.0,4.385,3등급,15000,4.385,347.2,1187685.2907639681
800,2024,MINI Cooper SE,MINI,전기,0.0,4.53,3등급,15000,4.53,347.2,1149668.8741721853
801,2024,MINI Cooper SE,MINI,전기,0.0,5.33,2등급,15000,5.33,347.2,977110.694183865
802,2024,MINI Countryman E,MINI,전기,0.0,4.765,3등급,15000,4.765,347.2,1092969.5697796433
803,2024,MINI Countryman SE ALL4,MINI,전기,0.0,4.465,3등급,15000,4.465,347.2,1166405.3751399776
804,2024,Mercedes-AMG EQE 53 4MATIC +,벤츠,전기,0.0,3.6,4등급,15000,3.6,347.2,1446666.6666666667
805,2024,Mercedes-AMG EQE 53 4MATIC + SUV,벤츠,전기,0.0,3.355,4등급,15000,3.355,347.2,1552309.9850968705
806,2024,Mercedes-AMG EQE 53 4MATIC + SUV,벤츠,전기,0.0,3.555,4등급,15000,3.555,347.2,1464978.9029535863
807,2024,Mercedes-AMG EQE 53 4MATIC +(Race Start +),벤츠,전기,0.0,3.6,4등급,15000,3.6,347.2,1446666.6666666667
808,2024,Mercedes-AMG EQE53 4MATIC +,벤츠,전기,0.0,3.3,5등급,15000,3.3,347.2,1578181.8181818184
809,2024,Mercedes-AMG EQS 53 4MATIC +,벤츠,전기,0.0,3.245,5등급,15000,3.245,347.2,1604930.662557781
810,2024,Mercedes-AMG EQS53 4MATIC +,벤츠,전기,0.0,3.145,5등급,15000,3.145,347.2,1655961.8441971384
811,2024,Mercedes-AMG EQS53 4MATIC +,벤츠,전기,0.0,3.2,5등급,15000,3.2,347.2,1627500.0
812,2024,Q8 55 e-tron uattro,아우디,전기,0.0,3.045,5등급,15000,3.045,347.2,1710344.8275862068
813,2024,Mercedes-Benz EQA 250,벤츠,전기,0.0,5.04,2등급,15000,5.04,347.2,1033333.3333333333
814,2024,Mercedes-Benz EQA250,벤츠,전기,0.0,4.02,4등급,15000,4.02,347.2,1295522.3880597015
815,2024,Mercedes-Benz EQA250,벤츠,전기,0.0,4.075,4등급,15000,4.075,347.2,1278036.8098159507
816,2024,Mercedes-Benz EQA250,벤츠,전기,0.0,4.12,4등급,15000,4.12,347.2,1264077.6699029126
817,2024,Mercedes-Benz EQA250,벤츠,전기,0.0,5.005,3등급,15000,5.005,347.2,1040559.4405594406
818,2024,Mercedes-Benz EQB 300 4MATIC,벤츠,전기,0.0,4.12,4등급,15000,4.12,347.2,1264077.6699029126
819,2024,Mercedes-Benz EQB300 4MATIC,벤츠,전기,0.0,4.13,4등급,15000,4.13,347.2,1261016.9491525425
820,2024,Mercedes-Benz EQB300 4MATIC (5 Seater),벤츠,전기,0.0,4.13,4등급,15000,4.13,347.2,1261016.9491525425
821,2024,Mercedes-Benz EQC400 4MATIC,벤츠,전기,0.0,3.11,5등급,15000,3.11,347.2,1674598.0707395498
822,2024,Mercedes-Benz EQE 350 +,벤츠,전기,0.0,4.565,3등급,15000,4.565,347.2,1140854.3263964949
823,2024,Mercedes-Benz EQE 350 4MATIC,벤츠,전기,0.0,4.0,4등급,15000,4.0,347.2,1302000.0
824,2024,Mercedes-Benz EQE 350 4MATIC SUV,벤츠,전기,0.0,4.12,4등급,15000,4.12,347.2,1264077.6699029126
825,2024,Mercedes-Benz EQE 500 4MATIC SUV,벤츠,전기,0.0,4.065,4등급,15000,4.065,347.2,1281180.811808118
826,2024,Mercedes-Benz EQE300,벤츠,전기,0.0,4.21,3등급,15000,4.21,347.2,1237054.6318289787
827,2024,Mercedes-Benz EQE350 +,벤츠,전기,0.0,4.32,3등급,15000,4.32,347.2,1205555.5555555555
828,2024,Mercedes-Benz EQE350 4MATIC,벤츠,전기,0.0,4.01,4등급,15000,4.01,347.2,1298753.1172069826
829,2024,Mercedes-Benz EQE350 4MATIC SUV,벤츠,전기,0.0,3.865,4등급,15000,3.865,347.2,1347477.3609314358
830,2024,Mercedes-Benz EQE500 4MATIC SUV,벤츠,전기,0.0,3.765,4등급,15000,3.765,347.2,1383266.9322709162
831,2024,Mercedes-Benz EQS 450 +,벤츠,전기,0.0,4.145,3등급,15000,4.145,347.2,1256453.5585042222
832,2024,Mercedes-Benz EQS 450 4MATIC,벤츠,전기,0.0,3.955,4등급,15000,3.955,347.2,1316814.1592920353
833,2024,Mercedes-Benz EQS 450 4MATIC SUV,벤츠,전기,0.0,3.71,4등급,15000,3.71,347.2,1403773.5849056602
834,2024,Mercedes-Benz EQS 580 4MATIC SUV,벤츠,전기,0.0,3.555,4등급,15000,3.555,347.2,1464978.9029535863
835,2024,Mercedes-Benz EQS350,벤츠,전기,0.0,4.065,4등급,15000,4.065,347.2,1281180.811808118
836,2024,Mercedes-Benz EQS450 +,벤츠,전기,0.0,3.755,4등급,15000,3.755,347.2,1386950.7323568575
837,2024,Mercedes-Benz EQS450 4MATIC,벤츠,전기,0.0,3.545,4등급,15000,3.545,347.2,1469111.424541608
838,2024,Mercedes-Benz EQS450 4MATIC SUV,벤츠,전기,0.0,3.61,4등급,15000,3.61,347.2,1442659.2797783935
839,2024,Mercedes-Benz EQS450 4MATIC SUV(5seats),벤츠,전기,0.0,3.61,4등급,15000,3.61,347.2,1442659.2797783935
840,2024,Mercedes-Benz EQS580 4MATIC SUV,벤츠,전기,0.0,3.51,4등급,15000,3.51,347.2,1483760.6837606838
841,2024,Mercedes-Benz EQS580 4MATIC SUV(5seats),벤츠,전기,0.0,3.51,4등급,15000,3.51,347.2,1483760.6837606838
842,2024,Mercedes-Benz G 580 with EQ Technology,벤츠,전기,0.0,2.975,5등급,15000,2.975,347.2,1750588.2352941174
843,2024,Mercedes-Maybach EQS 680 SUV,벤츠,전기,0.0,3.5,4등급,15000,3.5,347.2,1487999.9999999998
844,2024,Model 3 Long Range,테슬라코리아 유한회사,전기,0.0,5.475,2등급,15000,5.1,347.2,1021176.4705882354
845,2024,Model 3 Performance,테슬라코리아 유한회사,전기,0.0,4.82,3등급,15000,5.1,347.2,1021176.4705882354
846,2024,Model 3 RWD,테슬라코리아 유한회사,전기,0.0,5.685,2등급,15000,5.1,347.2,1021176.4705882354
847,2024,Model S AWD,테슬라코리아 유한회사,전기,0.0,4.82,3등급,15000,4.6,347.2,1132173.9130434783
848,2024,Model S Plaid,테슬라코리아 유한회사,전기,0.0,4.11,4등급,15000,4.6,347.2,1132173.9130434783
849,2024,Model X AWD,테슬라코리아 유한회사,전기,0.0,4.265,3등급,15000,4.265,347.2,1221101.9929660026
850,2024,Model X Plaid,테슬라코리아 유한회사,전기,0.0,3.81,4등급,15000,3.81,347.2,1366929.1338582677
851,2024,Model Y Long Range,테슬라코리아 유한회사,전기,0.0,4.875,3등급,15000,5.0,347.2,1041600.0
852,2024,Model Y Long Range,테슬라코리아 유한회사,전기,0.0,5.275,2등급,15000,5.0,347.2,1041600.0
853,2024,Model Y Performance,테슬라코리아 유한회사,전기,0.0,5.075,2등급,15000,5.0,347.2,1041600.0
854,2024,Model Y RWD,테슬라코리아 유한회사,전기,0.0,5.075,2등급,15000,5.0,347.2,1041600.0
855,2024,Model Y RWD,테슬라코리아 유한회사,전기,0.0,5.13,2등급,15000,5.0,347.2,1041600.0
856,2024,Peugeot e-2008 SUV,PSA Automobiles,전기,0.0,4.885,3등급,15000,4.885,347.2,1066120.7778915046
857,2024,Peugeot e-208,PSA Automobiles,전기,0.0,5.395,2등급,15000,5.395,347.2,965338.2761816498
858,2024,Peugeot e2008,PSA Automobiles,전기,0.0,5.195,2등급,15000,5.195,347.2,1002502.4061597689
859,2024,Peugeot e208,PSA Automobiles,전기,0.0,5.75,2등급,15000,5.75,347.2,905739.1304347826
860,2024,Polestar 2 Long Range Dual Motor,폴스타,전기,0.0,3.82,4등급,15000,3.82,347.2,1363350.785340314
861,2024,Polestar 2 Long Range Dual Motor,폴스타,전기,0.0,4.275,3등급,15000,4.275,347.2,1218245.6140350876
862,2024,Polestar 2 Long Range Single Motor,폴스타,전기,0.0,4.83,3등급,15000,4.83,347.2,1078260.8695652173
863,2024,Polestar 2 Long Range Single Motor,폴스타,전기,0.0,5.095,2등급,15000,5.095,347.2,1022178.6064769382
864,2024,Polestar 2 Standard Range Single Motor,폴스타,전기,0.0,5.305,2등급,15000,5.305,347.2,981715.3628652216
865,2024,Q4 40 e-tron,아우디,전기,0.0,4.685,3등급,15000,4.685,347.2,1111632.8708644612
866,2024,Q4 45 e-tron,아우디,전기,0.0,4.685,3등급,15000,4.685,347.2,1111632.8708644612
867,2024,Q4 Sportback 40 e-tron,아우디,전기,0.0,4.785,3등급,15000,4.785,347.2,1088401.2539184953
868,2024,Q4 Sportback 45 e-tron,아우디,전기,0.0,4.685,3등급,15000,4.685,347.2,1111632.8708644612
869,2024,Q4 Sportback e-tron 40,아우디,전기,0.0,4.175,3등급,15000,4.175,347.2,1247425.1497005988
870,2024,Q4 Sportback e-tron 40,아우디,전기,0.0,4.175,4등급,15000,4.175,347.2,1247425.1497005988
871,2024,Q4 e-tron 40,아우디,전기,0.0,4.23,3등급,15000,4.23,347.2,1231205.673758865
872,2024,Q4 e-tron 40,아우디,전기,0.0,4.33,3등급,15000,4.33,347.2,1202771.362586605
873,2024,Q8 50 e-tron uattro,아우디,전기,0.0,3.0,5등급,15000,3.0,347.2,1736000.0
874,2024,Q8 Sportback 55 e-tron uattro,아우디,전기,0.0,2.945,5등급,15000,2.945,347.2,1768421.0526315789
875,2024,RS e-tron GT,아우디,전기,0.0,3.345,4등급,15000,3.345,347.2,1556950.6726457397
876,2024,Rolls Royce Black Badge Spectre,롤스로이스,전기,0.0,3.135,5등급,15000,3.135,347.2,1661244.019138756
877,2024,Rolls Royce Spectre,롤스로이스,전기,0.0,3.235,5등급,15000,3.235,347.2,1609891.808346213
878,2024,SE-A2밴,지리쓰촨상용차 유한회사,전기,0.0,3.895,4등급,15000,3.895,347.2,1337098.8446726573
879,2024,SQ8 Sportback e-tron,아우디,전기,0.0,2.545,5등급,15000,2.545,347.2,2046365.4223968566
880,2024,STEGO-Z,"Xiamen King Long United Automotive Industry Co., Ltd.",전기,0.0,3.23,5등급,15000,3.23,347.2,1612383.9009287925
881,2024,SW40,Newgonow Auto co.Ltd,전기,0.0,3.615,4등급,15000,3.615,347.2,1440663.9004149376
882,2024,T4K,BYD,전기,0.0,2.685,5등급,15000,2.685,347.2,1939664.8044692737
883,2024,e-TOVI,(주)대창모터스,전기,0.0,5.16,2등급,15000,5.16,347.2,1009302.3255813952
884,2024,e-tron 55 uattro,아우디,전기,0.0,3.0,5등급,15000,3.0,347.2,1736000.0
885,2024,e-tron GT uattro,아우디,전기,0.0,3.68,4등급,15000,3.68,347.2,1415217.3913043477
886,2024,e-tron S,아우디,전기,0.0,2.745,5등급,15000,2.745,347.2,1897267.7595628414
887,2024,e-tron S Sportback,아우디,전기,0.0,2.69,5등급,15000,2.69,347.2,1936059.4795539035
888,2024,e-tron Sportback 55 uattro,아우디,전기,0.0,3.145,5등급,15000,3.145,347.2,1655961.8441971384
889,2024,니로 EV 17인치,기아,전기,0.0,5.405,2등급,15000,5.3,347.2,982641.5094339623
890,2024,니로 플러스 EV 항속형 2WD 17인치,기아,전기,0.0,5.415,2등급,15000,5.3,347.2,982641.5094339623
891,2024,다니고3픽업(DANIGO 3 PICK UP),(주)대창모터스,전기,0.0,6.27,초소형,15000,6.27,347.2,830622.009569378
892,2024,다니고C,(주)대창모터스,전기,0.0,3.215,5등급,15000,3.215,347.2,1619906.6874027995
893,2024,다니고C2,(주)대창모터스,전기,0.0,3.57,4등급,15000,3.57,347.2,1458823.5294117648
894,2024,다니고VAN,(주)대창모터스,전기,0.0,3.675,4등급,15000,3.675,347.2,1417142.857142857
895,2024,비바,Liaoning Lingyuan Linghe,전기,0.0,4.64,3등급,15000,4.64,347.2,1122413.7931034483
896,2024,레이 EV,기아,전기,0.0,5.28,2등급,15000,5.28,347.2,986363.6363636364
897,2024,레이 EV 밴 1인승,기아,전기,0.0,5.28,2등급,15000,5.28,347.2,986363.6363636364
898,2024,레이 EV 밴 2인승,기아,전기,0.0,5.28,2등급,15000,5.28,347.2,986363.6363636364
899,2024,렉서스 RZ450e,토요타,전기,0.0,5.395,2등급,15000,5.395,347.2,965338.2761816498
900,2024,렉서스 UX300e,토요타,전기,0.0,4.685,3등급,15000,4.685,347.2,1111632.8708644612
901,2024,비바,Liaoning Lingyuan Linghe,전기,0.0,4.85,3등급,15000,4.85,347.2,1073814.4329896907
902,2024,마스타(MASTA)VAN,마스타전기차(주),전기,0.0,6.145,초소형,15000,6.145,347.2,847518.3075671277
903,2024,마이브 M1,투데이션샤인,전기,0.0,5.55,초소형,15000,5.55,347.2,938378.3783783785
904,2024,벤츠 EQC 400 4MATIC,벤츠,전기,0.0,3.21,5등급,15000,3.21,347.2,1622429.906542056
905,2024,볼보 C40 Recharge Twin,볼보,전기,0.0,4.64,3등급,15000,4.64,347.2,1122413.7931034483
906,2024,캐딜락 Lyri,GM,전기,0.0,3.92,4등급,15000,3.92,347.2,1328571.4285714284
907,2024,볼보 XC40 Recharge Twin,볼보,전기,0.0,4.485,3등급,15000,4.485,347.2,1161204.0133779263
908,2024,봉고 전기차,기아,전기,0.0,3.195,5등급,15000,3.195,347.2,1630046.9483568075
909,2024,봉고 전기차 (22),기아,전기,0.0,3.195,5등급,15000,3.195,347.2,1630046.9483568075
910,2024,봉고 전기차 (24MY),기아,전기,0.0,3.195,5등급,15000,3.195,347.2,1630046.9483568075
911,2024,브라보,Liaoning Lingyuan Linghe,전기,0.0,4.205,4등급,15000,4.205,347.2,1238525.564803805
912,2024,썬라이즈-T01,샹하이완샹오토모바일,전기,0.0,3.74,4등급,15000,3.74,347.2,1392513.3689839572
913,2024,"쏘울 전기차 (도심형, 39.2kWh)",기아,전기,0.0,5.725,2등급,15000,5.725,347.2,909694.3231441049
914,2024,"쏘울 전기차(기본형, 64kWh)",기아,전기,0.0,5.46,2등급,15000,5.46,347.2,953846.1538461538
915,2024,아이오닉5 N,현대,전기,0.0,3.73,4등급,15000,5.1,347.2,1021176.4705882354
916,2024,아이오닉5 N-line AWD,현대,전기,0.0,4.395,3등급,15000,5.1,347.2,1021176.4705882354
917,2024,아이오닉5 N-line RWD,현대,전기,0.0,4.705,3등급,15000,5.1,347.2,1021176.4705882354
918,2024,아이오닉5 개조 항속형 AWD 19인치,현대,전기,0.0,4.795,3등급,15000,5.1,347.2,1021176.4705882354
919,2024,아이오닉5 개조 항속형 AWD 20인치,현대,전기,0.0,4.495,3등급,15000,5.1,347.2,1021176.4705882354
920,2024,아이오닉5 개조 항속형 RWD 19인치(C),현대,전기,0.0,5.105,2등급,15000,5.1,347.2,1021176.4705882354
921,2024,아이오닉5 개조 항속형 RWD 19인치(nC),현대,전기,0.0,5.26,2등급,15000,5.1,347.2,1021176.4705882354
922,2024,아이오닉5 개조 항속형 RWD 20인치,현대,전기,0.0,4.895,3등급,15000,5.1,347.2,1021176.4705882354
923,2024,아이오닉5 기본형 4WD 19인치,현대,전기,0.0,4.905,3등급,15000,5.1,347.2,1021176.4705882354
924,2024,아이오닉5 기본형 RWD 19인치,현대,전기,0.0,5.215,2등급,15000,5.1,347.2,1021176.4705882354
925,2024,아이오닉5 항속형 4WD 19인치,현대,전기,0.0,4.805,3등급,15000,5.1,347.2,1021176.4705882354
926,2024,아이오닉5 항속형 4WD 19인치 (77.4kWh),현대,전기,0.0,4.805,3등급,15000,5.1,347.2,1021176.4705882354
927,2024,아이오닉5 항속형 4WD 20인치,현대,전기,0.0,4.55,3등급,15000,5.1,347.2,1021176.4705882354
928,2024,아이오닉5 항속형 4WD 20인치 (77.4kWh),현대,전기,0.0,4.45,3등급,15000,5.1,347.2,1021176.4705882354
929,2024,아이오닉5 항속형 RWD 19인치,현대,전기,0.0,5.27,2등급,15000,5.1,347.2,1021176.4705882354
930,2024,아이오닉5 항속형 RWD 19인치 (77.4kWh),현대,전기,0.0,5.27,2등급,15000,5.1,347.2,1021176.4705882354
931,2024,아이오닉5 항속형 RWD 19인치 빌트인캠,현대,전기,0.0,5.17,2등급,15000,5.1,347.2,1021176.4705882354
932,2024,아이오닉5 항속형 RWD 19인치 빌트인캠 (77.4kWh),현대,전기,0.0,5.17,2등급,15000,5.1,347.2,1021176.4705882354
933,2024,아이오닉5 항속형 RWD 20인치,현대,전기,0.0,4.915,3등급,15000,5.1,347.2,1021176.4705882354
934,2024,아이오닉5 항속형 RWD 20인치 (77.4kWh),현대,전기,0.0,4.86,3등급,15000,5.1,347.2,1021176.4705882354
935,2024,아이오닉6 기본형 RWD 18인치,현대,전기,0.0,6.215,1등급,15000,5.5,347.2,946909.0909090909
936,2024,아이오닉6 항속형 AWD 18인치,현대,전기,0.0,5.585,2등급,15000,5.5,347.2,946909.0909090909
937,2024,아이오닉6 항속형 AWD 20인치,현대,전기,0.0,4.84,3등급,15000,5.5,347.2,946909.0909090909
938,2024,아이오닉6 항속형 RWD 18인치,현대,전기,0.0,6.05,1등급,15000,5.5,347.2,946909.0909090909
939,2024,아이오닉6 항속형 RWD 20인치,현대,전기,0.0,5.205,2등급,15000,5.5,347.2,946909.0909090909
940,2024,이엔1톤롱바디카고,(주)이엔플러스,전기,0.0,2.895,5등급,15000,2.895,347.2,1798963.7305699482
941,2024,이엔플러스EV1톤롱바디트럭,(주)이엔플러스,전기,0.0,3.05,5등급,15000,3.05,347.2,1707540.9836065576
942,2024,이티4밴,Brilliance Shineray,전기,0.0,4.515,3등급,15000,4.515,347.2,1153488.3720930233
943,2024,이티4밴 미니,Brilliance Shineray,전기,0.0,5.35,2등급,15000,5.35,347.2,973457.9439252337
944,2024,이티4밴 프로,Brilliance Shineray,전기,0.0,5.415,2등급,15000,5.415,347.2,961772.8531855956
945,2024,이티밴,Brilliance Shineray,전기,0.0,4.515,3등급,15000,4.515,347.2,1153488.3720930233
946,2024,이티밴 미니,Brilliance Shineray,전기,0.0,5.35,2등급,15000,5.35,347.2,973457.9439252337
947,2024,이티밴 프로,Brilliance Shineray,전기,0.0,5.415,2등급,15000,5.415,347.2,961772.8531855956
948,2024,제인모터스칼마토EV1톤내장탑차,제인모터스,전기,0.0,2.33,5등급,15000,2.33,347.2,2235193.13304721
949,2024,젤라,장조우 닛산,전기,0.0,2.63,5등급,15000,2.63,347.2,1980228.1368821294
950,2024,젤라 피이백,장조우 닛산,전기,0.0,3.385,4등급,15000,3.385,347.2,1538552.437223043
951,2024,짚 어벤저,크라이슬러,전기,0.0,5.04,2등급,15000,5.04,347.2,1033333.3333333333
952,2024,캐스퍼(AX1) EV 항속형 15인치,현대,전기,0.0,5.615,2등급,15000,5.615,347.2,927515.5832591273
953,2024,캐스퍼(AX1) EV 항속형 17인치,현대,전기,0.0,5.25,2등급,15000,5.25,347.2,992000.0
954,2024,코나 일렉트릭(N-Line) 19인치,현대,전기,0.0,4.74,3등급,15000,5.6,347.2,930000.0000000001
955,2024,코나(SX2) 일렉트릭(기본형) 17인치,현대,전기,0.0,5.515,2등급,15000,5.6,347.2,930000.0000000001
956,2024,코나(SX2) 일렉트릭(항속형) 17인치,현대,전기,0.0,5.605,2등급,15000,5.6,347.2,930000.0000000001
957,2024,코나(SX2) 일렉트릭(항속형) 17인치(빌트인캠),현대,전기,0.0,5.605,2등급,15000,5.6,347.2,930000.0000000001
958,2024,코나(SX2) 일렉트릭(항속형) 19인치,현대,전기,0.0,4.84,3등급,15000,5.6,347.2,930000.0000000001
959,2024,코란도 EV 2WD,케이지모빌리티,전기,0.0,4.795,3등급,15000,4.795,347.2,1086131.3868613138
960,2024,코란도 e-motion 2WD Heat Pump,케이지모빌리티,전기,0.0,4.85,3등급,15000,4.85,347.2,1073814.4329896907
961,2024,코란도 e-motion 2WD Heat Pump,케이지모빌리티,전기,0.0,4.95,3등급,15000,4.95,347.2,1052121.212121212
962,2024,코란도 e-motion 2WD Non Heat Pump,케이지모빌리티,전기,0.0,5.005,3등급,15000,5.005,347.2,1040559.4405594406
963,2024,타이칸,포르쉐,전기,0.0,3.09,5등급,15000,3.09,347.2,1685436.8932038834
964,2024,타이칸 (5인승),포르쉐,전기,0.0,3.09,5등급,15000,3.09,347.2,1685436.8932038834
965,2024,타이칸 (5인승),포르쉐,전기,0.0,4.565,3등급,15000,4.565,347.2,1140854.3263964949
966,2024,타이칸 (High),포르쉐,전기,0.0,2.99,5등급,15000,2.99,347.2,1741806.0200668892
967,2024,"타이칸 (High, 5인승)",포르쉐,전기,0.0,2.99,5등급,15000,2.99,347.2,1741806.0200668892
968,2024,타이칸 4S,포르쉐,전기,0.0,2.955,5등급,15000,2.955,347.2,1762436.5482233502
969,2024,타이칸 4S (5인승),포르쉐,전기,0.0,2.955,5등급,15000,2.955,347.2,1762436.5482233502
970,2024,타이칸 4S (High),포르쉐,전기,0.0,2.89,5등급,15000,2.89,347.2,1802076.1245674738
971,2024,"타이칸 4S (High, 5인승)",포르쉐,전기,0.0,2.89,5등급,15000,2.89,347.2,1802076.1245674738
972,2024,타이칸 GTS,포르쉐,전기,0.0,3.155,5등급,15000,3.155,347.2,1650713.1537242474
973,2024,타이칸 GTS (5인승),포르쉐,전기,0.0,3.155,5등급,15000,3.155,347.2,1650713.1537242474
974,2024,타이칸 크로스 투리스모,포르쉐,전기,0.0,2.9,5등급,15000,2.9,347.2,1795862.0689655172
975,2024,타이칸 크로스 투리스모 (5인승),포르쉐,전기,0.0,2.9,5등급,15000,2.9,347.2,1795862.0689655172
976,2024,타이칸 크로스 투리스모 4S,포르쉐,전기,0.0,2.9,5등급,15000,2.9,347.2,1795862.0689655172
977,2024,타이칸 크로스 투리스모 4S (5인승),포르쉐,전기,0.0,2.9,5등급,15000,2.9,347.2,1795862.0689655172
978,2024,타이칸 크로스 투리스모 터보,포르쉐,전기,0.0,2.755,5등급,15000,2.755,347.2,1890381.1252268602
979,2024,타이칸 크로스 투리스모 터보 (5인승),포르쉐,전기,0.0,2.755,5등급,15000,2.755,347.2,1890381.1252268602
980,2024,타이칸 터보,포르쉐,전기,0.0,2.9,5등급,15000,2.9,347.2,1795862.0689655172
981,2024,타이칸 터보 (5인승),포르쉐,전기,0.0,2.9,5등급,15000,2.9,347.2,1795862.0689655172
982,2024,타이칸 터보 S,포르쉐,전기,0.0,2.845,5등급,15000,2.845,347.2,1830579.964850615
983,2024,타이칸 터보 S (5인승),포르쉐,전기,0.0,2.845,5등급,15000,2.845,347.2,1830579.964850615
984,2024,테라밴,DongfengLiuzhou Motor,전기,0.0,3.395,5등급,15000,3.395,347.2,1534020.6185567009
985,2024,테라밴키즈,DongfengLiuzhou Motor,전기,0.0,3.395,5등급,15000,3.395,347.2,1534020.6185567009
986,2024,테라밴키즈11,DongfengLiuzhou Motor,전기,0.0,3.395,5등급,15000,3.395,347.2,1534020.6185567009
987,2024,토레스 EVX 2WD 18인치타이어,케이지모빌리티,전기,0.0,5.05,2등급,15000,5.05,347.2,1031287.1287128713
988,2024,토레스 EVX 2WD 20인치타이어,케이지모빌리티,전기,0.0,4.84,3등급,15000,4.84,347.2,1076033.0578512396
989,2024,토레스 EVX VAN 18인치타이어,케이지모빌리티,전기,0.0,4.94,3등급,15000,4.94,347.2,1054251.0121457488
990,2024,토레스 EVX VAN 20인치타이어,케이지모빌리티,전기,0.0,4.84,3등급,15000,4.84,347.2,1076033.0578512396
991,2024,파워프라자 라보 ev PEACE,한국지엠,전기,0.0,3.53,4등급,15000,3.53,347.2,1475354.1076487254
992,2024,파워프라자 봉고3ev PEACE,(주)파워프라자,전기,0.0,2.345,5등급,15000,2.345,347.2,2220895.5223880596
993,2024,파워프라자 봉고3ev PEACE 더블캡,(주)파워프라자,전기,0.0,2.045,5등급,15000,2.045,347.2,2546699.2665036675
994,2024,포터 일렉트릭 22MY,현대,전기,0.0,3.195,5등급,15000,3.195,347.2,1630046.9483568075
995,2024,포터일렉트릭,현대,전기,0.0,3.195,5등급,15000,3.195,347.2,1630046.9483568075
996,2024,포터일렉트릭 24MY,현대,전기,0.0,3.195,5등급,15000,3.195,347.2,1630046.9483568075
997,2024,포텐스,(주)진우에스엠씨,전기,0.0,4.68,초소형,15000,4.68,347.2,1112820.512820513
998,2024,포트로 탑(HMT-250T),(주)디피코,전기,0.0,4.335,초소형,15000,4.335,347.2,1201384.0830449827
999,2024,포트로 픽업(HMT-250P),(주)디피코,전기,0.0,4.335,초소형,15000,4.335,347.2,1201384.0830449827
1000,2024,포트로(HMT-101),(주)디피코,전기,0.0,3.98,초소형,15000,3.98,347.2,1308542.7135678392
1001,2024,플러스(PLUS),(주) 한신자동차,전기,0.0,2.545,5등급,15000,2.545,347.2,2046365.4223968566
1002,2024,플러스2.0(카고),(주) 한신자동차,전기,0.0,2.475,5등급,15000,2.475,347.2,2104242.424242424
1003,2024,플러스2.0(카고),(주) 한신자동차,전기,0.0,2.52,5등급,15000,2.52,347.2,2066666.6666666665
1004,2024,한국상용0.9톤롱바디EV내장탑트럭,현대,전기,0.0,2.195,5등급,15000,2.195,347.2,2372665.1480637817
1005,2024,한국상용1톤롱바디EV트럭,현대,전기,0.0,2.795,5등급,15000,2.795,347.2,1863327.3703041147
1006,2024,한국쓰리축1톤롱바디EV트럭(봉고),주식회사 한국쓰리축,전기,0.0,2.895,5등급,15000,2.895,347.2,1798963.7305699482
1007,2024,한국쓰리축1톤롱바디EV트럭(포터),주식회사 한국쓰리축,전기,0.0,2.84,5등급,15000,2.84,347.2,1833802.8169014084
