Species,Weight,Length
Bream,323.5878357380612,28.928441641342744
Bream,402.0873818868799,32.90192095585985
Bream,313.2611341221764,26.439356046115496
Bream,404.9937817811961,28.787494363353375
Bream,510.3147718274776,30.81435614632029
Bream,485.5704493064176,32.37453683571343
Bream,423.8941207327241,29.449460157763465
Bream,455.60789682678393,30.13388666218791
Bream,350.5956490822901,28.15016364635577
Bream,468.7080266354495,28.20764913446065
Bream,755.287654482086,33.68574319402737
Bream,413.5692386573224,27.849965500194077
Bream,273.0497363975892,25.21078109801823
Bream,495.4273911063143,29.630048247026537
Bream,346.6966257339224,31.011510337434338
Bream,484.49870638588726,30.499937257974896
Bream,588.8128886935322,27.45755520499177
Bream,534.7885058253612,30.618793806908037
Bream,376.95010377845983,30.851714833605133
Bream,538.7379182439864,29.863891688317008
Bream,604.8798952843622,28.58957040369951
Bream,670.5932213235706,35.085286244660345
Bream,550.9728065973559,29.75111405571168
Bream,625.2660649038229,32.59968934129988
Bream,661.3934678406569,31.24594197597461
Bream,589.5399520875558,31.565802988382067
Bream,551.1009662293798,28.46624803721757
Bream,502.8108023822048,30.770009031308295
Bream,493.3430378467844,30.45730710619568
Bream,563.4384925340681,30.00628913996872
Bream,567.2522726574365,30.049960170590275
Bream,581.3445330558609,27.82368019263817
Bream,482.2643464825957,29.126685241755432
Bream,663.01181502345,32.43216967493176
Bream,590.7289351762453,30.99753365909637
Bream,427.0887103799736,29.49407328427429
Bream,386.08132534350295,26.721690337611445
Bream,459.77770011690166,28.41153042129129
Bream,587.0897415869068,29.86856169298913
Bream,531.1542797384003,30.40891750674293
Bream,616.4993764369934,32.72562060002432
Bream,453.4603705684722,26.87361190150345
Bream,351.14193852253936,31.79474914940288
Bream,382.1251616657456,28.509258959567084
Bream,607.0569932519948,32.897255160317
Bream,540.2965164880293,32.52042308174611
Bream,479.155583237441,31.48308174384573
Bream,464.3511201634777,30.86722487854289
Bream,498.91905957308086,33.082405829860804
Bream,487.3018268675693,30.569246178573675
Bream,311.7082816605904,25.78213062318035
Bream,627.0317041405668,32.94974258915636
Bream,617.2786675118525,34.539589276220575
Bream,541.3748463415902,29.119242883576653
Bream,307.68015184060226,30.640551322065825
Bream,313.2284104674295,29.701039083445643
Bream,586.0894773011767,34.169482687268925
Bream,526.7864349607677,31.657839994219948
Bream,405.277490034598,28.784005315031543
Bream,438.5760876042397,30.98288540165045
Bream,462.37649343791344,27.719433985536305
Bream,470.15320475467536,31.998810287231088
Bream,569.4593771954684,30.435627561460063
Bream,543.4833179259524,33.63798243768957
Bream,432.7634664501231,30.03317752766196
Bream,576.9822643512558,31.704060647770845
Bream,567.4327136221308,30.729661619815595
Bream,563.5728883722147,31.807536492892748
Bream,442.3445277655662,29.062488243415565
Bream,460.4182654951535,27.71082578866873
Bream,649.1181450232099,32.25267765657713
Bream,483.32164944596815,30.933073179006307
Bream,261.6691639534804,29.25186298674312
Bream,591.2628700156353,32.847631536423414
Bream,631.5987355553125,30.51689423119518
Bream,506.7944785285687,33.03556186200497
Bream,574.4897982854429,29.313687937174915
Bream,509.85674637412086,28.949418920952205
Bream,387.3551181832896,27.00271691034853
Bream,614.7544483014544,30.38956224176667
Bream,549.7698171624352,33.839895113133736
Bream,405.0564039968626,29.20192235283205
Bream,622.5289223234909,32.68813648062643
Bream,600.0482948093999,28.325161087177293
Bream,381.1915318425642,29.360519536907656
Bream,407.9085973747949,29.630862141241064
Bream,414.3282184446994,28.015415696152257
Bream,603.41247470205,32.21499140003483
Bream,580.3529109528922,29.609434949142564
Bream,545.5529468596991,30.485940946729983
Bream,535.4232102119779,27.97285285913628
Bream,564.4003574916301,26.793149531480594
Bream,437.5046098376165,26.60001327690167
Bream,610.4374285792301,31.195058233360506
Bream,573.9295673875572,33.412097223107224
Bream,629.2810626504763,31.75574422812441
Bream,503.9485177829556,28.01629970931344
Bream,447.6753065959079,29.179469094494824
Bream,422.80667967380265,30.65418622677177
Bream,283.653254345189,30.15081772229798
Bream,536.9223302384414,29.954717187472337
Bream,390.0226902908551,30.034846995989472
Bream,436.0148604522052,26.559306546331893
Bream,502.4453980302627,28.74615426648125
Bream,472.0092408703419,29.550006955435407
Bream,408.9766150770488,29.63893110004148
Bream,421.3752852004805,28.405655345393413
Bream,594.4517278640296,30.234573777585247
Bream,501.69547294651846,30.67366989651527
Bream,274.0698403829499,27.666828943028094
Bream,595.6004923934125,30.357033759777764
Bream,546.3512555973236,31.29760202554521
Bream,654.0786031833204,31.650821349881888
Bream,484.3453241405251,30.24555562527192
Bream,559.7357277496094,30.185443990211272
Bream,642.4146350211983,30.57011856438087
Bream,554.2789391476642,31.263572090292868
Bream,615.6047079931128,32.5094687866637
Bream,350.58740815628755,24.920106466103835
Bream,457.3624008259272,30.74593519619553
Bream,563.7505839245086,29.94960215209102
Bream,513.2932164801784,29.617183111533212
Bream,530.9303314841716,27.40647233459167
Bream,384.74814196852014,30.717089877220825
Bream,581.3618289940133,28.273940944923595
Bream,447.90348807135314,28.48158452684972
Bream,485.8102159175232,29.30496653021312
Bream,430.83409011592994,30.51147419531253
Bream,572.5837021160811,28.32999812376065
Bream,658.2832631628225,32.6405156887629
Bream,618.8947040667774,30.311472107195463
Bream,559.6323136245953,30.50545283964634
Bream,693.6247072839269,32.26380218907679
Bream,447.6093665809622,29.62908801204424
Bream,531.0869293455693,30.479664612071552
Bream,460.1433983543262,24.79904279493188
Bream,304.40201414413787,28.719094694846984
Bream,565.2476301250581,29.975520963914697
Bream,450.6278343873895,29.3050322733682
Bream,703.0326785141932,35.606742586399314
Bream,511.0363921137848,31.877388032638905
Bream,569.178367586741,33.353074409948206
Bream,471.35508394686354,30.76801335854376
Bream,604.5043531989924,33.14312231631249
Bream,430.9956314339154,31.564613106913807
Bream,562.8170883220246,29.79519595068236
Bream,269.6266973733915,25.859574426263467
Bream,513.5752743895904,32.104947110127846
Bream,490.2174043018825,30.91185009630546
Bream,539.9384914890013,31.040460363338862
Bream,630.6239578033415,34.17859815406926
Bream,511.82818772376254,28.940214143695957
Bream,433.36967429352126,28.535506720193958
Bream,633.449175634571,29.002309005459576
Bream,430.6254502178516,29.02965703034708
Bream,513.351484962596,32.00026196959749
Bream,612.6952374257571,29.86171951667708
Bream,538.4863457962769,30.54840068901747
Bream,504.2221150914895,29.54533061907693
Bream,506.1644990706998,29.87580529465757
Bream,571.9745220431843,29.31181600368129
Bream,472.563798827578,28.18244545107611
Bream,615.7409343246005,30.61685058162041
Bream,515.7276059649035,34.06608306651384
Bream,570.4536855056767,32.33852378333546
Bream,425.30176494998864,27.19348040925593
Bream,422.6952129352525,27.17617871892372
Bream,765.9067159468023,33.71004127673825
Bream,675.5812437328515,32.537380696865604
Bream,568.3723387356191,33.55835488527374
Bream,393.15691611481645,28.145961308302372
Bream,568.8047927137459,28.585410604764967
Bream,544.0971194383845,29.95551354307429
Bream,536.4666391586942,30.636194856532065
Bream,442.1417936911873,30.026863621269296
Bream,576.4392995033338,28.274294438114183
Bream,363.5587612358003,27.441017171975872
Bream,565.2383880837702,29.74985325233322
Bream,684.3152326582605,31.01583011075689
Bream,547.9548336111767,31.554184337138704
Bream,430.154220810594,29.307864000443946
Bream,406.8092744430103,29.656649749910404
Bream,501.5654232216268,30.29439469746946
Bream,519.0721894340063,29.50687969243984
Bream,526.7928949244597,28.31423637706812
Bream,471.9730347349193,27.999505671497648
Bream,415.8411964690687,28.726084496075817
Bream,495.0419466947336,30.80575498981247
Bream,435.69576389516055,26.63636510352635
Bream,520.6751191110101,31.731327847224605
Bream,669.8038701589008,32.369337685316445
Bream,725.5741334355405,30.485384361267062
Bream,496.1656457601445,27.092130178289764
Bream,598.5765703181485,28.436768440501197
Bream,335.1836641753829,28.635792914637143
Bream,443.27483068323545,29.046893503827263
Bream,535.3711780990892,27.554002449867657
Bream,529.1969279066795,28.97311366715175
Bream,414.1878404412768,31.118067355765383
Bream,353.3273610573256,30.009496802045497
Bream,559.8847245621989,28.666236631028475
Bream,423.3275105791203,29.85016231381148
Bream,676.8476840571781,32.38472002517512
Bream,418.5469981482195,29.287287689462456
Bream,518.5193585031009,28.78636091801928
Bream,644.6396034463304,32.83298677031252
Bream,530.9154885832423,29.90487152511316
Bream,326.71602563013715,29.45223101311091
Bream,462.9150393536016,29.875097384493586
Bream,347.97072608715854,31.457667175118864
Bream,407.0394038042909,30.078557689325105
Bream,709.4581606224638,32.309502751065466
Bream,513.0090675810083,30.292861480091588
Bream,405.74285477366425,24.31188559862779
Bream,556.9265286771968,31.03692416347225
Bream,546.7091003466862,28.01307774447812
Bream,413.09885609311766,29.610284020666302
Bream,597.1050017027443,31.51662079179913
Bream,417.8413383382352,29.187333990534253
Bream,419.94216508113766,29.33473203089283
Bream,539.5429834410219,28.387373215210445
Bream,508.5897106427775,30.422448126010792
Bream,412.4187192741131,28.924552409605276
Bream,454.2751509759028,27.87185726532615
Bream,578.2648267894746,30.591683231940728
Bream,605.4486348652848,32.475513708193816
Bream,453.6821327158798,30.020090397123862
Bream,466.0745754847125,33.16119414354819
Bream,546.9245558004906,26.656378146243732
Bream,480.07085726375465,29.713000867947517
Bream,551.768860695616,28.822460870785303
Bream,543.9158100192803,30.753377251456858
Bream,550.2398760295133,34.681041916647374
Bream,596.0641766650378,29.587210427633
Bream,728.8576438581624,32.724846939500054
Bream,701.6500052511687,31.08274227611936
Bream,527.5793483498566,29.04659132324608
Bream,326.0955080032194,29.982774896573726
Bream,368.1016013483239,27.15222598892585
Bream,387.1320025355602,29.73008020620065
Bream,422.8415723203487,31.011224583115336
Bream,590.8836740988384,30.174169757434623
Bream,413.7864060326159,24.537938104208344
Bream,348.6576115691371,29.44417485059564
Bream,504.5665759289661,30.42760993071811
Bream,602.999589194458,30.424185256179644
Bream,389.94908093262814,31.1474006296821
Bream,230.37887945845145,27.17493848959049
Bream,565.8642042671496,29.76816030545356
Bream,601.8055347546818,30.88351243031349
Bream,461.72735078541376,29.55784929640339
Bream,390.3693746266039,28.49769111465652
Bream,534.755134607342,29.340869082463268
Bream,663.2906101378181,28.91794267747088
Bream,617.8932453907332,33.43342578072836
Bream,410.4501542153232,31.48574049619436
Bream,633.2552678595156,27.92319448944515
Bream,566.0025851402879,30.964751263373863
Bream,450.1128182169704,31.31611953698272
Bream,471.5418434005498,32.73372395661359
Bream,522.2763859196796,28.64133108100542
Bream,668.137219541604,30.142133126161816
Bream,475.8036004297445,28.218654738029127
Bream,406.3012879263882,31.508955107407708
Bream,736.9437181489196,33.86673066213339
Bream,723.953446946999,32.935623237232306
Bream,377.5118218532986,28.88708475355582
Bream,627.9790573939661,30.26617798254174
Bream,526.1677013820129,29.946098302950343
Bream,520.2915873784017,30.01265420122512
Bream,478.6729327255777,27.693354328889757
Bream,524.1756803097059,32.87153487032055
Bream,538.4722307411433,29.61609107207466
Bream,392.224606490253,24.489284739478187
Bream,381.87308872701567,27.723887004874083
Bream,483.6054743322509,30.00283903472124
Bream,405.75782529614366,28.59380776661597
Bream,567.7800932947447,32.925939197427034
Bream,736.4170258976422,32.40009948828374
Bream,634.805733716338,30.0293780133051
Bream,298.8751074417015,27.910906033492545
Bream,480.52389432277295,26.719423073959987
Bream,572.9010596305408,31.069676753001804
Bream,464.5135442955764,30.71350783304457
Bream,499.1280803149906,30.904076265411213
Bream,454.6535077891896,26.37719560712713
Bream,496.28612474463614,31.292896108998345
Bream,441.0183222915905,28.779784287383936
Bream,580.5820231495788,28.869088925215458
Bream,513.0857715132719,32.093448930180635
Bream,695.1918391651914,30.809538063753013
Bream,613.9666452500996,32.49959474979398
Bream,555.4391151389876,29.739389153888677
Bream,521.6872406878626,30.98838123308803
Bream,539.2916705234094,25.116959986612525
Bream,445.6612057085967,30.21689372890271
Bream,521.9728823238395,28.342188222625328
Bream,464.8154195939468,30.304903843062345
Bream,547.0070422147035,30.09482154721026
Bream,593.0187427290862,30.621141153518494
Bream,655.0357025621654,32.27363963758389
Bream,594.4327227730223,31.35701733823723
Bream,640.6065116591906,30.3844771831182
Bream,511.0777102579837,27.234393848916422
Bream,488.4917812005792,29.22818042811569
Bream,674.2581945074425,29.485822125626772
Bream,439.4724779129275,30.945691651518533
Bream,513.1838516977195,30.83294611038101
Bream,477.60993362526585,30.34695591357372
Bream,371.42770841990927,26.10369345837646
Bream,432.3605456914194,28.661743568029607
Bream,522.4311292545358,29.700866701814476
Bream,537.5359536917864,28.25163803121572
Bream,481.6371329788941,32.71047450294288
Bream,505.6133259550842,30.053751138473032
Bream,568.7319378100689,30.484053729109764
Bream,453.3897721658357,28.892479134966063
Bream,545.3734172805829,31.15234500321804
Bream,591.7961013598261,31.355573450382348
Bream,417.9442617942524,31.534696406706708
Bream,509.01450837565415,32.458920071872264
Bream,396.5762712640616,27.239961445239324
Bream,621.7991325132273,30.69014427246169
Bream,397.1077045826367,28.845563535501785
Bream,560.0388638469035,33.28913288497668
Bream,471.34975354066114,25.694024317738236
Bream,468.2749286775697,30.58339087247828
Bream,477.4313440915649,30.55316993947491
Bream,506.75040064459415,27.78399559671805
Bream,537.0867815874174,28.733124471551307
Bream,593.2959710405948,28.74554106739356
Bream,454.74939546494966,29.716919275948428
Bream,544.8277847076911,29.323726058341485
Bream,502.3236145276466,31.89246324591512
Bream,700.4150395440365,32.65752105290302
Bream,554.6038450954632,27.28200381154177
Bream,694.5861184324507,30.36545764756044
Bream,478.0422353387935,30.461161449360404
Bream,593.8805370154721,32.70061912402227
Bream,357.69479069077533,29.262563005528392
Bream,559.1207864867819,32.5389364485036
Bream,424.4454046254277,30.74662106700657
Bream,565.6954722552017,25.74755935475564
Bream,288.3488078405916,25.092729716373064
Bream,503.5355631663297,34.158938210548584
Bream,466.9258801492113,31.31330270506756
Bream,650.2704509363847,28.42414588014479
Bream,553.2513822806247,32.421907595638174
Bream,534.6387105025973,28.97014053965278
Bream,480.1845278870445,31.675752617585733
Bream,644.5149891521041,29.34886152117021
Bream,578.8479607828069,32.684685508388434
Bream,476.4809103913229,33.45773662458865
Bream,406.3560368099835,29.002492749670036
Bream,373.4885541211535,29.100829508160945
Bream,570.4803543277156,31.882766022405047
Bream,569.6376951724699,30.193603366084165
Bream,367.223486994313,28.49641177810718
Bream,580.3221817021757,29.9992063462584
Bream,397.8305151736368,28.02097004800987
Bream,538.6959244017056,29.503222389966915
Bream,481.6141290558175,29.14839826112584
Bream,660.198971991414,30.065827923113023
Bream,593.2573635205848,33.08634583948052
Bream,418.722423343496,30.204143449541423
Bream,550.5499637180053,29.092658897080817
Bream,550.7699821456938,28.68594235343705
Bream,250.31886247816865,23.61342819888088
Bream,443.62140088712937,27.211134960755693
Bream,510.4514651109684,28.393276423721005
Bream,617.7826472100079,29.20330193725836
Bream,324.5036911470429,28.014167609525664
Bream,576.560589860942,31.728486900739192
Bream,498.9525947141493,31.23665787735624
Bream,682.4204032307359,32.35060879877025
Bream,422.7593029316884,26.34938855571204
Bream,455.1510876280028,32.48924900971841
Bream,501.4715402996469,31.43743665641532
Bream,432.9552127841245,28.10391512012905
Bream,496.0504731736612,27.246378385654296
Bream,545.1257002619642,30.911577485304345
Bream,427.689525331534,29.31930773055421
Bream,428.0207347825426,27.36970174135217
Bream,510.169393307361,30.135117321371872
Bream,315.0445883247078,27.77894337064114
Bream,549.9012931625879,30.536144070503383
Bream,591.9080038454712,31.25321528255912
Bream,536.5365540152709,27.262804798974
Bream,505.8641561331679,29.508658376785714
Bream,663.2434907874047,31.516644967836967
Bream,351.05537497589387,29.413031418251546
Bream,438.8305216969756,27.064581150067163
Bream,452.3075920870068,29.78005503620046
Bream,447.0881553539951,30.20273704277442
Bream,635.9787877363983,31.2884875851495
Bream,575.7879525607071,30.671358737685672
Bream,589.7173541435334,33.17070814076027
Bream,585.9128108042896,29.302372386597185
Bream,492.56001909178593,28.059987525523
Bream,542.4807078895606,28.987393673518028
Bream,358.8691824850792,29.949320520993123
Bream,505.7537291935938,29.379946735255025
Bream,405.90122021025127,29.76056391438624
Bream,450.19521403268055,29.45643640955963
Bream,668.8249486013281,31.49395926331969
Bream,553.2378162022982,31.64980643150435
Bream,398.82715654448816,27.8483633306875
Bream,453.1314049558456,32.53780408055166
Bream,566.7421334898029,33.5807955532222
Bream,585.2581856835089,30.892605146388693
Bream,501.1143619608386,30.031063642467885
Bream,583.7780445733647,29.814072642474915
Bream,566.7663633430815,31.234179808495902
Bream,466.95792684674177,33.524928857667206
Bream,362.9099339382913,27.74561357439568
Bream,467.49576486381073,31.40191914621725
Bream,496.9410240808307,29.84877830804562
Bream,494.8274811242924,31.4504264984374
Bream,584.837692896322,30.28455541801203
Bream,452.9512907209086,30.06881389274582
Bream,476.0481307989628,29.11989501966221
Bream,402.70945547117446,32.72277090097882
Bream,459.36179783003263,29.2589041723659
Bream,424.4353121633618,28.310321249341595
Bream,574.9684649674763,30.806736018705383
Bream,758.2996504251432,30.585070868939876
Bream,534.8196311407389,28.004162491308023
Bream,603.2718748556373,30.27655830419706
Bream,664.3035616640922,30.940191632715912
Bream,553.526575530937,30.579429479513543
Bream,384.5786102208699,29.144226187162324
Bream,497.8920749511614,30.15117459967296
Bream,477.2783367810845,28.01167216535026
Bream,511.4721835069515,30.64952910428949
Bream,637.0609996502687,32.870376128279226
Bream,391.8733361168965,27.82483360921452
Bream,524.1489925281478,28.720492071460622
Bream,430.0803372759981,27.462502624254743
Bream,522.2625805949538,28.734999664769955
Bream,494.935655553156,26.84164505417788
Bream,367.3705485686902,27.00256015664714
Bream,494.01421352154654,29.57202345741925
Bream,576.2268299269302,29.224816699819154
Bream,406.36925323287824,28.152975356472023
Bream,472.89686705286,28.34065399642397
Bream,564.7099610171676,31.465249848838653
Bream,406.9621889615203,28.76568579956935
Bream,642.1573724949473,34.88256177571297
Bream,585.6816359551698,28.18696571526395
Bream,240.5645445605608,26.70506251222055
Bream,646.18510652411,30.278537290521705
Bream,463.2422139971988,29.961941136524896
Bream,585.141341634477,34.008718822408206
Bream,552.1784904940829,28.470004075291246
Bream,403.9076369478908,31.34079244593418
Bream,581.773585436286,28.390776477169936
Bream,396.9916425818478,25.42353876837394
Bream,622.6454040888906,32.902487961311046
Bream,505.5398271624375,29.59826198979233
Bream,464.7209865398484,29.38249093954116
Bream,629.8465635738203,33.50908262007618
Bream,367.4950395240305,29.030199239100565
Bream,495.4460669296856,34.00679610024992
Bream,527.6477809911572,29.8269602420854
Bream,463.5263864823859,32.18355884266956
Bream,340.727406453418,27.958935208953648
Bream,469.190749746269,27.304904433381814
Bream,531.212167490829,28.856789650216577
Bream,600.6540421309462,33.919418796937265
Bream,579.2378745176226,29.8718480502482
Bream,463.39263826860366,31.8817158741122
Bream,451.8406850920951,34.29760566940842
Bream,507.4623157166784,30.52275557454716
Bream,472.4150722596357,32.20964643784932
Bream,449.2781192102868,29.29131324658585
Bream,594.7446233372777,31.371119015749045
Bream,359.8726284164019,27.887503690185667
Bream,447.1013746946533,29.8971955019004
Bream,413.6619769890086,27.74248631673328
Bream,265.3574606200398,25.43729847610383
Bream,536.5388569610609,31.990322175537976
Bream,470.3123045388112,31.14061218316793
Bream,549.6115285732373,30.366698117480567
Bream,498.7496158447088,32.705529829973365
Bream,430.9432970723825,30.689102348546008
Bream,565.7758233706063,32.336109582388616
Bream,477.4177684669492,32.18018022638085
Bream,298.5993019321942,27.45405477830602
Bream,540.6452811261184,28.91000492442072
Bream,514.364569154392,29.482001296574897
Bream,464.052065053873,29.39001570938885
Bream,536.14148469236,32.20543886548952
Bream,593.7805185576696,31.68825157468076
Bream,540.5816231699307,31.660581073583664
Bream,361.4790982721835,28.089393754406203
Bream,455.8936125318829,29.868482111819013
Bream,579.9380673585979,31.21667674271266
Bream,471.0807973434027,30.42583444718008
Bream,519.8382575995055,30.36158795493853
Bream,614.7672967204572,30.52774555501409
Bream,444.3882716705823,30.989525988635272
Bream,542.229667715878,30.603793413466345
Bream,477.1911773968366,30.120816843449624
Bream,445.9541386075728,26.310376340879703
Bream,504.92826592930487,30.46331579533626
Bream,600.0040333126068,33.89976874442691
Bream,483.8169891384502,32.54601782446069
Bream,579.0680190390317,29.219427510113555
Bream,477.6038597902908,26.86839781791902
Bream,478.5017570367062,29.9533417145673
Bream,398.4213285492687,30.198147727853137
Bream,541.7667473634534,28.51687280321377
Bream,328.7832030136643,26.915334795365183
Bream,604.5712481541285,29.16700041594878
Bream,388.2784595356211,27.98368783209001
Bream,575.36806015235,30.99239252865568
Bream,520.7062180520252,29.032628503510665
Bream,424.58239893773913,31.09077827741413
Bream,401.4549644896281,30.34259780377004
Bream,459.7682129253233,26.521633119108586
Bream,333.06969021452915,28.85325667457868
Bream,439.16504257637087,31.32263930523772
Bream,356.6575035472191,29.290831546220986
Bream,456.45576566867385,28.526540088592384
Bream,496.7058224016215,28.487597615718624
Bream,572.009532391853,29.17259510734738
Bream,515.5842144044916,31.97297163665813
Bream,182.89924454291497,27.156263958067008
Bream,634.819392216282,33.53961389215222
Bream,530.0898315610912,29.156780937305623
Bream,479.036545068532,27.641477675945374
Bream,477.7552149480649,29.624414503154554
Bream,490.1556018215356,30.562158820150227
Bream,493.250491336685,29.960783052997463
Bream,471.5613521379938,30.43502318919337
Bream,603.1730176123381,28.55522220549343
Bream,506.1886257943679,27.58033412792301
Bream,491.2305902145084,31.538236897181243
Bream,439.306992194301,27.57740337964695
Bream,586.0205564223702,31.42909820917278
Bream,540.1352656386573,29.85301001851965
Bream,440.3264564980452,27.693054768177976
Bream,540.1373309955111,29.01571022641259
Bream,604.3277962368352,29.559088017242853
Bream,432.2528863469775,29.412081130276952
Bream,587.920065162039,30.47918473250204
Bream,663.8934321436356,30.36929104043822
Bream,285.044113120856,27.69348919953072
Bream,426.8352429136714,29.15470369620692
Bream,465.1715867336476,30.800408088292837
Bream,610.462194033917,31.05137022300331
Bream,342.1272641569234,27.042951537816062
Bream,556.6493149583238,30.03372619807673
Bream,473.0884994236533,30.6399886668655
Bream,373.2501831265565,29.59727783740241
Bream,506.183498710506,32.24279501774528
Bream,429.6148099526266,26.70534394885127
Bream,247.33251768673725,30.538160838574253
Bream,516.81487512023,30.82275871264397
Bream,367.5671101894756,28.377013197231285
Bream,426.94568637161626,31.182423722822445
Bream,601.4930240308169,29.971965391201163
Bream,407.8511784644664,29.876389382150165
Bream,407.6226419594405,28.846334691806728
Bream,528.9351450362358,26.827693103489253
Bream,614.5992255593458,31.227856990518767
Bream,417.5350771617101,30.09513125989437
Bream,512.8289053733631,29.657605379869352
Bream,478.2806821337534,29.91820739175607
Bream,359.54291367786925,28.84865053981529
Bream,648.1466397585867,29.277775547861243
Bream,348.14435773383985,26.4524784658065
Bream,423.5549051256262,28.770484450378092
Bream,516.9781528480943,29.93750767492512
Bream,377.8648466733461,28.444270138113914
Bream,503.3584478315812,27.382165081987072
Bream,479.32174937378977,30.71294806344561
Bream,476.0612251776709,32.18176780533399
Bream,494.4776851276615,30.46260443310505
Bream,335.17645384948344,25.666566600249656
Bream,545.5578273615089,32.92589442965714
Bream,406.3753343357482,30.23846122885006
Bream,416.7292612171494,29.733538050127592
Bream,336.8337154058347,29.02214564211694
Bream,476.0105359747826,30.03535788098227
Bream,480.733648869454,27.803265932400272
Bream,422.9349554444452,29.003190063440687
Bream,317.8098035145664,28.046520894594742
Bream,457.90390008467216,30.006040209559725
Bream,562.5385148214873,32.344004222125406
Bream,309.4938948028778,28.06877241977428
Bream,530.0540286154718,29.685702656711666
Bream,689.2392669219946,31.58497909680121
Bream,474.8819161789575,31.57563813597907
Bream,404.0024427441347,28.318338794256707
Bream,527.6628285578415,32.22337241209465
Bream,517.3552251845,29.29020723846025
Bream,360.7301820410487,30.40403504689554
Bream,498.1311074347064,28.952852743173786
Bream,701.1778128966386,33.03377840470685
Bream,589.6709732246728,27.49742718648448
Bream,341.5067242673531,29.53690482028435
Bream,613.9218558581656,29.03615546487472
Bream,412.9190330282604,27.608239296918327
Bream,370.3743356682875,29.771093268200573
Bream,446.3333378157562,30.16412544720411
Bream,480.8396591334602,31.33342925530888
Bream,545.4065465405786,30.60307489952385
Bream,424.7955891424796,30.222857044430157
Bream,619.5073478167789,30.32869709054338
Bream,474.72671827287337,29.04048913082152
Bream,322.5409575406926,27.543915773108157
Bream,516.2085149273119,31.49482596602174
Bream,466.94924290314793,29.41777051223224
Bream,575.6441283317654,31.27890593553553
Bream,396.082057689138,29.790326042964534
Bream,577.788263136988,33.78629855477229
Bream,644.685205234741,28.70599420963056
Bream,403.9403665415412,29.430282618091763
Bream,554.9688854144499,28.64707344939686
Bream,267.9179910755613,27.881290868191783
Bream,446.5743766844927,30.01617660556571
Bream,456.5098482979968,30.500439046982613
Bream,426.7641004659864,28.617516981009608
Bream,529.1943596280872,27.27649119041218
Bream,578.0257427287102,31.2500726964074
Bream,395.4872862738571,29.99212617288191
Bream,534.0911170488243,28.153133768987537
Bream,777.7159577678034,34.77285468324773
Bream,558.9306669620689,29.81271930916349
Bream,486.8669532896654,27.4341286741725
Bream,534.943162914687,33.85429275688699
Bream,449.4550832782885,30.11663696869913
Bream,658.2105773268809,35.468613031620606
Bream,642.2461864271762,34.752452883223576
Bream,711.4812518332903,34.54961146858258
Bream,338.2088575686387,26.953684599389188
Bream,457.7324788686847,30.525462142033483
Bream,581.4045515749946,28.30434441264642
Bream,631.7623599254066,32.25507270373942
Bream,508.5213360595676,29.107840854607115
Bream,403.3143985798038,29.91285331694613
Bream,575.5670810845063,28.675355465143184
Bream,447.683139995672,28.545552696366023
Bream,490.0522061363087,32.63072216149219
Bream,449.782114635754,28.004180186895308
Bream,483.95038485368553,28.18942620545052
Bream,339.15751559346074,27.418409590611216
Bream,479.2675944631336,30.325622197461747
Bream,484.10888324903743,26.4487347992926
Bream,644.6499407313823,30.66343977206976
Bream,468.0592040294493,29.44185559579023
Bream,595.7381059440766,28.62212886527697
Bream,540.1638697132801,29.590334889151045
Bream,448.72200814221776,28.92186605229093
Bream,439.7395369575044,28.36725092270732
Bream,525.6017960831039,29.653260759603583
Bream,578.2258659780318,31.865230674266087
Bream,581.3686353915284,29.910420896480957
Bream,507.3344402540468,27.82623889571841
Bream,532.5058179959764,29.093136943609167
Bream,538.8164568568064,30.284482694249625
Bream,579.9951737003835,30.41900933264021
Bream,369.1335736620737,28.64625864448861
Bream,385.4677817566152,29.454480139290386
Bream,422.59735688538393,27.88433901206304
Bream,489.5069637451385,30.12698214128708
Bream,561.2768276231126,29.187771658511213
Bream,649.0006174731236,34.081843171292775
Bream,597.2169655797619,33.30418469705822
Bream,546.7642584741176,28.973900666848387
Bream,437.75902165523496,28.28414692743184
Bream,443.15987458232746,28.854981296610383
Bream,451.9743239374958,27.842651654498415
Bream,416.8564418239133,30.01350842943696
Bream,591.9192814815708,35.49716764644365
Bream,445.9480181828554,33.42652339220452
Bream,339.97649189494825,28.072213313924927
Bream,541.2341643574324,29.71365355585768
Bream,683.0149069248272,30.625476425293748
Bream,475.2969623261042,32.39593156463322
Bream,577.2619064142891,32.300617764395426
Bream,625.269489662443,30.237534691858983
Bream,545.7576174974183,31.10170916891721
Bream,454.2523644326292,31.20921119524494
Bream,422.9120924768474,29.65006932497404
Bream,460.93598657356216,32.36065855790694
Bream,551.0791959847533,31.852814058907377
Bream,680.8072639935805,32.52106698850015
Bream,548.3249089796537,30.487847512193603
Bream,395.98852477062206,29.244744598401223
Bream,411.4557157468945,31.666927048018884
Bream,461.0703166145822,31.638889005845638
Bream,532.6562395056546,30.31244044994127
Bream,552.2438723408645,32.32908569856525
Bream,458.5996525576872,28.707316427157615
Bream,484.5150727657647,31.64915365964753
Bream,503.94323833040056,28.39584434936026
Bream,486.8431358822284,26.43795159740414
Bream,423.1302357810335,28.501310903565965
Smelt,346.91590239616414,27.98604923019474
Smelt,436.482554191408,30.73770889879089
Smelt,348.03326823791053,25.57417957835434
Smelt,197.86524979860167,26.205842270982476
Smelt,54.88069069737361,23.182251901965056
Smelt,312.0662913145085,23.55844864306513
Smelt,333.22272529215945,25.082771264180742
Smelt,344.90691689714504,23.42818205904316
Smelt,133.96378770164907,21.88551042619352
Smelt,580.2408638656966,26.74483801937551
Smelt,360.4038692160017,24.613133866524983
Smelt,190.17203549694608,24.662646340991287
Smelt,297.45086518755875,27.03173056710496
Smelt,271.3817950588291,27.40866038203769
Smelt,410.9572388870276,26.16157614449359
Smelt,233.44719494315925,20.94429508232645
Smelt,437.5097666926744,28.24325429209118
Smelt,348.0086856777591,28.101616774110617
Smelt,219.10272725655784,23.115626760389333
Smelt,259.3134736834289,27.67441442543841
Smelt,285.2734936303956,24.159671892539137
Smelt,212.04999905151203,26.22082366862197
Smelt,245.72651955895384,26.69714489973809
Smelt,599.4460201913241,30.521187356635043
Smelt,119.1792573426371,24.947530036646583
Smelt,280.715035555096,27.013359673857156
Smelt,266.1661616986429,26.79047837279757
Smelt,299.8661823511679,24.67068963958328
Smelt,400.4495623600153,25.27587821762325
Smelt,437.3227505675004,25.52425611611176
Smelt,123.86032596873908,25.54420675779601
Smelt,362.50950128268585,25.949102587804934
Smelt,288.7556037220532,24.752084982530203
Smelt,293.23484319150094,27.27917802761976
Smelt,303.568452173834,26.61769157640304
Smelt,211.35556179725384,24.64194359661912
Smelt,271.52630016270496,25.17931984580404
Smelt,302.8585125586804,25.46614437652056
Smelt,352.8839751826965,26.82987619524992
Smelt,243.34293469419748,25.686666079399767
Smelt,250.140088826762,24.2231159235394
Smelt,420.3662925636469,27.926364643683375
Smelt,231.21099818886432,25.398258893780994
Smelt,165.1806990317479,26.223582911195333
Smelt,31.94639874665665,22.97084911177047
Smelt,399.89770021977006,25.71732220989115
Smelt,356.5415330344788,27.390095543355223
Smelt,515.7840106166907,30.442284977651298
Smelt,323.9339341998531,25.81195217067696
Smelt,407.9362938231024,26.881842350274365
Smelt,298.6781358236365,25.7755625783522
Smelt,266.10428968358764,24.6396685196115
Smelt,389.5720754755925,27.84572172022172
Smelt,290.1298388073838,26.24279638268472
Smelt,194.11499102195452,23.169698685406555
Smelt,385.5022644035701,29.03284754631925
Smelt,448.3110177516672,25.21558680003472
Smelt,218.2096915353054,25.594426336496955
Smelt,289.4783743570115,25.735993418176008
Smelt,296.87484109186727,25.80919616853358
Smelt,164.4626292816059,23.954606801095483
Smelt,316.10626640460146,29.269187541380365
Smelt,297.2103624486601,29.83806110189682
Smelt,310.4742808853707,28.47320649817384
Smelt,465.5317396146074,27.92193410711658
Smelt,458.4327246345932,29.04744042524205
Smelt,421.2818637850327,27.70468584942307
Smelt,328.2396519252355,24.276414462822885
Smelt,461.9448491104706,26.734786361896965
Smelt,125.9421423493554,23.750568111522117
Smelt,208.27883537384443,24.98371198872617
Smelt,212.35897330830036,21.95902338178304
Smelt,340.30238260513227,28.04756338625432
Smelt,316.3269923872422,26.01357397016093
Smelt,343.0262787262694,28.421175410953676
Smelt,270.2478024102717,25.77863756980246
Smelt,235.6843560387835,26.37548605366415
Smelt,278.7144949447777,28.466618274067287
Smelt,306.0239358051306,26.541907944403388
Smelt,364.2926537784714,26.90312665838959
Smelt,141.2349937847986,23.297718682193565
Smelt,413.3420130265434,28.86019859451818
Smelt,314.874951825962,26.315078315283674
Smelt,304.5099595990994,26.18215597646076
Smelt,214.96146988802087,23.695953778476344
Smelt,401.175934906646,27.159232070161977
Smelt,460.6677532754968,25.228961110796288
Smelt,113.3185656077728,25.44459915223828
Smelt,300.9841999742045,28.15413589831244
Smelt,404.0653889466924,26.49432549514149
Smelt,237.63921002176548,26.91889360868094
Smelt,248.7523404370848,21.085814835510533
Smelt,396.7999455994365,27.79459610094564
Smelt,335.55114186883867,30.755428389617222
Smelt,207.33450309875985,26.03969316541513
Smelt,411.6955651783096,27.056155058248137
Smelt,275.8600662479231,27.71190680483151
Smelt,211.86899613628665,26.90761531089681
Smelt,392.3667361179691,29.369863042962216
Smelt,438.0523573281616,26.45270654993832
Smelt,256.92548386960283,25.30950573289661
Smelt,400.61791678862977,25.583515021763425
Smelt,454.81621404779474,28.470033798939664
Smelt,173.94485660164574,24.56518367369905
Smelt,340.06038738189966,23.85058592349864
Smelt,208.64150037058076,28.91623238703146
Smelt,479.764000621968,25.95625949911945
Smelt,367.9690794623345,25.702467436786804
Smelt,277.23744011270327,28.568268373729776
Smelt,199.13113274515663,25.90483414694381
Smelt,372.4122657278047,24.78508692210118
Smelt,379.6507107689279,29.478076501349054
Smelt,306.18207103192555,25.287896154620597
Smelt,318.3612870862331,27.611948640434512
Smelt,431.2604542448748,29.763632329078654
Smelt,284.3561224772203,25.468795515810037
Smelt,255.7116057850615,25.935257998655384
Smelt,334.4240230828663,25.906635793394177
Smelt,386.87488208773175,28.005911644818063
Smelt,353.2159463370276,24.87603094546781
Smelt,283.39062197705465,28.13599664836884
Smelt,304.8449970346396,24.995202219252565
Smelt,259.57684696984325,28.950131610854683
Smelt,445.1839294940168,28.114269591015844
Smelt,279.47121540537273,27.806486148044783
Smelt,200.91231866191583,24.685436191376184
Smelt,468.4377501264975,29.08189236208709
Smelt,383.5356690703144,25.19580482987089
Smelt,185.18072320062305,23.273823549443325
Smelt,159.70970993050426,25.178376273913265
Smelt,268.08283742375903,26.21293082279696
Smelt,463.8731342223719,24.562427676285537
Smelt,278.43485480095205,26.768101459650545
Smelt,291.75312914939013,24.494567000930967
Smelt,298.10921079755457,25.83899911113738
Smelt,395.69824236593126,28.713520890544856
Smelt,473.01740420153226,28.75042497450664
Smelt,261.5501678355991,27.364258565570523
Smelt,400.5294289517362,27.181238271040502
Smelt,82.87203856972926,24.974815195670324
Smelt,289.93253886317086,26.833149914460304
Smelt,291.3443608352708,29.708164366318652
Smelt,201.6378650882042,24.86779405261694
Smelt,274.7736274137735,25.07077858501769
Smelt,179.0393484942864,22.35458558904779
Smelt,460.4485798444168,30.13153533856028
Smelt,84.67991107276282,24.657280926986356
Smelt,288.7148195584781,27.02553538413648
Smelt,364.7023850489105,26.94382052159029
Smelt,296.09827489117214,27.04621217417766
Smelt,455.8086343366072,26.68034386714296
Smelt,215.512144936531,23.98470508281021
Smelt,399.3007592507453,30.530278323666145
Smelt,296.19822920095885,24.95925523756436
Smelt,469.2244060320925,28.956016782107717
Smelt,230.0915613802364,24.783239031338127
Smelt,410.2234427302324,27.06004431408468
Smelt,383.60192629691664,25.20451613301248
Smelt,310.3394892492122,24.282364300767693
Smelt,275.3245719996127,26.806245611621737
Smelt,383.9869468972111,24.4702514223122
Smelt,143.88833166260068,22.80981904198795
Smelt,365.9905792164604,27.029060365908112
Smelt,240.0675040738966,24.95654131791923
Smelt,253.92751459435047,24.84460849181192
Smelt,397.092355551612,29.441668198488
Smelt,51.12646137218678,26.448023287124013
Smelt,285.787573914412,29.03343634004927
Smelt,264.43791745539784,24.81758838446936
Smelt,253.36367851479795,25.370004228789018
Smelt,398.3273794040648,25.42762951575412
Smelt,219.82681659802165,21.99974034028614
Smelt,239.61455772315216,22.57344274717542
Smelt,512.1494974344481,24.9371557573039
Smelt,103.32700530958402,23.692792713548823
Smelt,291.3170949785803,28.371366781165083
Smelt,206.60613295030848,22.655623230088057
Smelt,213.0961762710656,25.44971231215049
Smelt,334.1673884317473,26.383849505064504
Smelt,172.0341483162917,23.18541852509924
Smelt,259.9115999928531,25.58226888608756
Smelt,479.730357054293,26.408299594635164
Smelt,280.6561698484236,28.05356610221276
Smelt,199.8565536751661,26.032667462388044
Smelt,381.4963607093376,29.93500233927568
Smelt,278.493387807239,24.04179310464179
Smelt,318.27497122852094,27.73515238037943
Smelt,299.2228861605367,27.528321249448187
Smelt,189.62366712758688,25.589644982173706
Smelt,385.76791440481617,27.09255086154249
Smelt,295.4512032098988,29.17498075040371
Smelt,462.63452700260416,27.393313932392054
Smelt,358.4035484425895,27.164630698906237
Smelt,543.7371173401749,30.36920854362504
Smelt,298.6571088385514,22.791450870775133
Smelt,336.1007632854893,27.41586968827568
Smelt,459.14472933608863,27.59750586571678
Smelt,405.7569950624829,26.09489294715452
Smelt,297.3229836855869,26.29096696883341
Smelt,347.0695231948379,26.94333368263915
Smelt,218.20707240509412,24.69873159350559
Smelt,156.81789504579683,27.10037859157307
Smelt,342.881255847271,25.324168960451825
Smelt,466.4194887029281,27.44546972898293
Smelt,336.3302812046358,27.71276813990654
Smelt,450.97096386216026,27.02970665080926
Smelt,203.1382148285228,23.76607588865209
Smelt,376.2612192827369,24.2566668093188
Smelt,37.95556853508447,22.08410785369003
Smelt,430.04860715249765,25.908566533019133
Smelt,377.4341737877765,26.30797729654293
Smelt,217.46794617205572,24.657720922507863
Smelt,392.3074730625304,24.40955965286221
Smelt,297.8135272650808,26.051808550552824
Smelt,146.9051656324456,24.628716457241083
Smelt,309.9190324775776,24.27943423438052
Smelt,330.60285317000006,25.54666030808852
Smelt,337.0330340095516,24.708962358998388
Smelt,246.1695082006371,25.21481085409716
Smelt,320.0650417869243,23.23189562097123
Smelt,250.6271549483611,26.349658702644096
Smelt,383.89578618980335,28.55415016787016
Smelt,436.4761998339764,27.32729171508107
Smelt,327.14355228132206,23.99010327886167
Smelt,281.00024379886884,28.75888347870449
Smelt,293.24459847074536,25.130448499288413
Smelt,255.29575349198575,25.735935801629296
Smelt,297.231158960527,25.235242537075
Smelt,157.79454017839814,25.367963244200133
Smelt,352.8689361556797,26.34177986456407
Smelt,374.09720732756944,25.687603215812377
Smelt,364.0922222399383,24.676429196099964
Smelt,222.2773467837732,24.718441644179585
Smelt,244.59885224119617,24.28513016597761
Smelt,306.04856739610784,24.82894536492552
Smelt,228.03748763533704,24.849884078385745
Smelt,373.11579831930624,23.887863928541503
Smelt,272.4456175224637,24.497414575160064
Smelt,301.58644040708845,25.16416762087262
Smelt,204.57161659347747,25.987916195423672
Smelt,255.28946559074808,24.485607392250216
Smelt,253.34128864976756,28.50344839958943
Smelt,383.2156165677897,27.1309060122164
Smelt,464.89746631624746,30.071850091956343
Smelt,339.777651887287,27.75336227858514
Smelt,472.29168196358194,30.836863391890297
Smelt,335.6776993147957,27.301990269607987
Smelt,284.92260536182823,25.406692424220715
Smelt,131.4493229702524,21.459487671053985
Smelt,270.1128584488389,27.27832350079431
Smelt,302.9876593062048,25.825207752268053
Smelt,314.29003853231364,24.01661457873268
Smelt,296.1783793436536,26.849825140192685
Smelt,293.14479425845104,25.459831324907142
Smelt,348.9773400301248,26.006164332875063
Smelt,174.2617289439135,21.12808214373836
Smelt,295.9985324223934,25.392285139713543
Smelt,154.41824565513636,24.639860979270956
Smelt,151.54423656967967,20.836311433182956
Smelt,254.03665849169653,26.02530311723636
Smelt,160.9750400567314,21.766434016193813
Smelt,315.5024361530544,26.26949060963342
Smelt,349.55847275217155,28.60290787585556
Smelt,333.8329678667901,29.862743358340868
Smelt,194.56573847157767,26.592233316139875
Smelt,244.08853013292725,23.59834269828118
Smelt,343.09971077547834,27.42316091513592
Smelt,232.22165204152125,27.5861220131915
Smelt,346.7590015343825,24.977900933056983
Smelt,214.1036079588257,23.73846395296909
Smelt,212.64803350741457,27.204222271172664
Smelt,254.3908917909677,24.92442700283342
Smelt,295.88149626023227,26.98671574535814
Smelt,298.9433649196596,29.796991484463536
Smelt,399.08446177873753,25.25446896808805
Smelt,397.6997510737265,25.956108272318563
Smelt,517.9040567962091,27.089107864048277
Smelt,365.327109037689,26.78945739365131
Smelt,258.24142777954137,23.43417123775251
Smelt,209.96335508012524,28.220938543227614
Smelt,320.8012356335691,28.934965786726465
Smelt,280.0665981218319,29.245190946382635
Smelt,188.29874814802255,22.173889984317952
Smelt,298.11899786537725,27.80732878614448
Smelt,296.94598091103546,25.90556649487575
Smelt,173.03582436801838,23.500473747078743
Smelt,298.24283221474826,26.5429593249425
Smelt,333.37944425050347,26.299029969716543
Smelt,222.4901763737084,25.9743659508732
Smelt,380.8908797975061,24.89675264919417
Smelt,378.910195213325,26.79150111895648
Smelt,316.0083913440915,24.719139278607223
Smelt,359.8413774722169,23.965808023800296
Smelt,258.2153235885798,25.5127133901812
Smelt,425.9782366292743,27.309732544728707
Smelt,165.7506195917688,23.37549685631338
Smelt,168.49183896962415,24.12427900146817
Smelt,280.2154900797012,25.971404894212466
Smelt,159.84491579906168,24.87244408502977
Smelt,414.21285142095616,24.87180389839975
